Date,Year,Month,Country,State,Region,Confirmed_Cases,Malaria_Deaths,Malaria_Incidence_per_1000,Season(Dry/Rainy),Mortality Rate(%),Quarter
Jan-2000,2000,January,Nigeria,Kano,North West,341527,1384,39.02,Dry,0.41,1
Jan-2000,2000,January,Nigeria,Kaduna,North West,203304,959,38.75,Dry,0.47,1
Jan-2000,2000,January,Nigeria,Borno,North East,90533,592,25.5,Dry,0.65,1
Jan-2000,2000,January,Nigeria,Kwara,North Central,15363,59,7.45,Dry,0.38,1
Jan-2000,2000,January,Nigeria,Lagos,South West,189938,407,20.71,Dry,0.21,1
Jan-2000,2000,January,Nigeria,Ogun,South West,75653,311,20.42,Dry,0.41,1
Jan-2000,2000,January,Nigeria,Rivers,South South,97092,417,22.36,Dry,0.43,1
Jan-2000,2000,January,Nigeria,Enugu,South East,70908,266,26.03,Dry,0.38,1
Feb-2000,2000,February,Nigeria,Kano,North West,305139,1619,34.86,Dry,0.53,1
Feb-2000,2000,February,Nigeria,Kaduna,North West,193343,1042,36.85,Dry,0.54,1
Feb-2000,2000,February,Nigeria,Borno,North East,79789,395,22.48,Dry,0.50,1
Feb-2000,2000,February,Nigeria,Kwara,North Central,16194,52,7.85,Dry,0.32,1
Feb-2000,2000,February,Nigeria,Lagos,South West,153163,369,16.7,Dry,0.24,1
Feb-2000,2000,February,Nigeria,Ogun,South West,65991,261,17.81,Dry,0.40,1
Feb-2000,2000,February,Nigeria,Rivers,South South,88330,328,20.34,Dry,0.37,1
Feb-2000,2000,February,Nigeria,Enugu,South East,61059,284,22.41,Dry,0.47,1
Mar-2000,2000,March,Nigeria,Kano,North West,310942,1087,35.52,Dry,0.35,1
Mar-2000,2000,March,Nigeria,Kaduna,North West,173681,683,33.1,Dry,0.39,1
Mar-2000,2000,March,Nigeria,Borno,North East,80237,414,22.6,Dry,0.52,1
Mar-2000,2000,March,Nigeria,Kwara,North Central,13584,46,6.59,Dry,0.34,1
Mar-2000,2000,March,Nigeria,Lagos,South West,173432,530,18.91,Dry,0.31,1
Mar-2000,2000,March,Nigeria,Ogun,South West,75823,315,20.46,Dry,0.42,1
Mar-2000,2000,March,Nigeria,Rivers,South South,80598,294,18.56,Dry,0.36,1
Mar-2000,2000,March,Nigeria,Enugu,South East,64469,233,23.66,Dry,0.36,1
Apr-2000,2000,April,Nigeria,Kano,North West,241438,1196,27.58,Rainy,0.50,2
Apr-2000,2000,April,Nigeria,Kaduna,North West,151184,763,28.82,Rainy,0.50,2
Apr-2000,2000,April,Nigeria,Borno,North East,68250,450,19.23,Rainy,0.66,2
Apr-2000,2000,April,Nigeria,Kwara,North Central,11414,49,5.53,Rainy,0.43,2
Apr-2000,2000,April,Nigeria,Lagos,South West,131714,347,14.36,Rainy,0.26,2
Apr-2000,2000,April,Nigeria,Ogun,South West,50643,234,13.67,Rainy,0.46,2
Apr-2000,2000,April,Nigeria,Rivers,South South,62735,232,14.45,Rainy,0.37,2
Apr-2000,2000,April,Nigeria,Enugu,South East,49376,191,18.12,Rainy,0.39,2
May-2000,2000,May,Nigeria,Kano,North West,336412,2081,38.43,Rainy,0.62,2
May-2000,2000,May,Nigeria,Kaduna,North West,180883,815,34.48,Rainy,0.45,2
May-2000,2000,May,Nigeria,Borno,North East,101290,534,28.53,Rainy,0.53,2
May-2000,2000,May,Nigeria,Kwara,North Central,15152,65,7.35,Rainy,0.43,2
May-2000,2000,May,Nigeria,Lagos,South West,175945,388,19.18,Rainy,0.22,2
May-2000,2000,May,Nigeria,Ogun,South West,76207,238,20.57,Rainy,0.31,2
May-2000,2000,May,Nigeria,Rivers,South South,101242,379,23.31,Rainy,0.37,2
May-2000,2000,May,Nigeria,Enugu,South East,58795,257,21.58,Rainy,0.44,2
Jun-2000,2000,June,Nigeria,Kano,North West,357284,1278,40.82,Rainy,0.36,2
Jun-2000,2000,June,Nigeria,Kaduna,North West,236177,1121,45.02,Rainy,0.47,2
Jun-2000,2000,June,Nigeria,Borno,North East,107366,570,30.24,Rainy,0.53,2
Jun-2000,2000,June,Nigeria,Kwara,North Central,18290,85,8.87,Rainy,0.46,2
Jun-2000,2000,June,Nigeria,Lagos,South West,220262,737,24.02,Rainy,0.33,2
Jun-2000,2000,June,Nigeria,Ogun,South West,94463,299,25.49,Rainy,0.32,2
Jun-2000,2000,June,Nigeria,Rivers,South South,109330,497,25.17,Rainy,0.45,2
Jun-2000,2000,June,Nigeria,Enugu,South East,81719,281,30,Rainy,0.34,2
Jul-2000,2000,July,Nigeria,Kano,North West,447159,1921,51.09,Rainy,0.43,3
Jul-2000,2000,July,Nigeria,Kaduna,North West,285750,1361,54.47,Rainy,0.48,3
Jul-2000,2000,July,Nigeria,Borno,North East,119922,784,33.78,Rainy,0.65,3
Jul-2000,2000,July,Nigeria,Kwara,North Central,23655,92,11.47,Rainy,0.39,3
Jul-2000,2000,July,Nigeria,Lagos,South West,290332,696,31.66,Rainy,0.24,3
Jul-2000,2000,July,Nigeria,Ogun,South West,103691,510,27.98,Rainy,0.49,3
Jul-2000,2000,July,Nigeria,Rivers,South South,132262,467,30.45,Rainy,0.35,3
Jul-2000,2000,July,Nigeria,Enugu,South East,75934,174,27.87,Rainy,0.23,3
Aug-2000,2000,August,Nigeria,Kano,North West,472533,2211,53.98,Rainy,0.47,3
Aug-2000,2000,August,Nigeria,Kaduna,North West,297912,1816,56.78,Rainy,0.61,3
Aug-2000,2000,August,Nigeria,Borno,North East,124756,853,35.14,Rainy,0.68,3
Aug-2000,2000,August,Nigeria,Kwara,North Central,25951,79,12.58,Rainy,0.30,3
Aug-2000,2000,August,Nigeria,Lagos,South West,280160,852,30.55,Rainy,0.30,3
Aug-2000,2000,August,Nigeria,Ogun,South West,109345,405,29.51,Rainy,0.37,3
Aug-2000,2000,August,Nigeria,Rivers,South South,132473,550,30.5,Rainy,0.42,3
Aug-2000,2000,August,Nigeria,Enugu,South East,100603,484,36.93,Rainy,0.48,3
Sep-2000,2000,September,Nigeria,Kano,North West,666361,3331,76.13,Rainy,0.50,3
Sep-2000,2000,September,Nigeria,Kaduna,North West,392089,2131,74.73,Rainy,0.54,3
Sep-2000,2000,September,Nigeria,Borno,North East,155869,904,43.91,Rainy,0.58,3
Sep-2000,2000,September,Nigeria,Kwara,North Central,26621,120,12.91,Rainy,0.45,3
Sep-2000,2000,September,Nigeria,Lagos,South West,330105,817,35.99,Rainy,0.25,3
Sep-2000,2000,September,Nigeria,Ogun,South West,128281,676,34.62,Rainy,0.53,3
Sep-2000,2000,September,Nigeria,Rivers,South South,198430,897,45.69,Rainy,0.45,3
Sep-2000,2000,September,Nigeria,Enugu,South East,129229,480,47.44,Rainy,0.37,3
Oct-2000,2000,October,Nigeria,Kano,North West,562829,2426,64.3,Rainy,0.43,4
Oct-2000,2000,October,Nigeria,Kaduna,North West,350502,1886,66.81,Rainy,0.54,4
Oct-2000,2000,October,Nigeria,Borno,North East,164302,1373,46.28,Rainy,0.84,4
Oct-2000,2000,October,Nigeria,Kwara,North Central,24972,105,12.11,Rainy,0.42,4
Oct-2000,2000,October,Nigeria,Lagos,South West,319150,926,34.8,Rainy,0.29,4
Oct-2000,2000,October,Nigeria,Ogun,South West,106155,396,28.65,Rainy,0.37,4
Oct-2000,2000,October,Nigeria,Rivers,South South,173840,426,40.03,Rainy,0.25,4
Oct-2000,2000,October,Nigeria,Enugu,South East,101357,387,37.2,Rainy,0.38,4
Nov-2000,2000,November,Nigeria,Kano,North West,430826,1567,49.22,Dry,0.36,4
Nov-2000,2000,November,Nigeria,Kaduna,North West,286963,1288,54.7,Dry,0.45,4
Nov-2000,2000,November,Nigeria,Borno,North East,115712,538,32.6,Dry,0.46,4
Nov-2000,2000,November,Nigeria,Kwara,North Central,20759,71,10.06,Dry,0.34,4
Nov-2000,2000,November,Nigeria,Lagos,South West,256800,751,28,Dry,0.29,4
Nov-2000,2000,November,Nigeria,Ogun,South West,101913,448,27.5,Dry,0.44,4
Nov-2000,2000,November,Nigeria,Rivers,South South,129707,485,29.87,Dry,0.37,4
Nov-2000,2000,November,Nigeria,Enugu,South East,84721,325,31.1,Dry,0.38,4
Dec-2000,2000,December,Nigeria,Kano,North West,348337,1652,39.8,Dry,0.47,4
Dec-2000,2000,December,Nigeria,Kaduna,North West,211805,1033,40.37,Dry,0.49,4
Dec-2000,2000,December,Nigeria,Borno,North East,103050,625,29.03,Dry,0.61,4
Dec-2000,2000,December,Nigeria,Kwara,North Central,15720,58,7.62,Dry,0.37,4
Dec-2000,2000,December,Nigeria,Lagos,South West,210315,631,22.93,Dry,0.30,4
Dec-2000,2000,December,Nigeria,Ogun,South West,75938,326,20.49,Dry,0.43,4
Dec-2000,2000,December,Nigeria,Rivers,South South,100159,367,23.06,Dry,0.37,4
Dec-2000,2000,December,Nigeria,Enugu,South East,68608,227,25.18,Dry,0.33,4
Jan-2001,2001,January,Nigeria,Kano,North West,326702,1329,36.37,Dry,0.41,1
Jan-2001,2001,January,Nigeria,Kaduna,North West,158357,640,29.45,Dry,0.40,1
Jan-2001,2001,January,Nigeria,Borno,North East,77127,293,21.2,Dry,0.38,1
Jan-2001,2001,January,Nigeria,Kwara,North Central,14792,55,7,Dry,0.37,1
Jan-2001,2001,January,Nigeria,Lagos,South West,169906,398,18.2,Dry,0.23,1
Jan-2001,2001,January,Nigeria,Ogun,South West,69242,270,18.23,Dry,0.39,1
Jan-2001,2001,January,Nigeria,Rivers,South South,78055,400,17.53,Dry,0.51,1
Jan-2001,2001,January,Nigeria,Enugu,South East,56559,220,20.25,Dry,0.39,1
Feb-2001,2001,February,Nigeria,Kano,North West,320728,1021,35.71,Dry,0.32,1
Feb-2001,2001,February,Nigeria,Kaduna,North West,206836,943,38.46,Dry,0.46,1
Feb-2001,2001,February,Nigeria,Borno,North East,85852,474,23.59,Dry,0.55,1
Feb-2001,2001,February,Nigeria,Kwara,North Central,13879,65,6.56,Dry,0.47,1
Feb-2001,2001,February,Nigeria,Lagos,South West,181433,557,19.44,Dry,0.31,1
Feb-2001,2001,February,Nigeria,Ogun,South West,80260,348,21.13,Dry,0.43,1
Feb-2001,2001,February,Nigeria,Rivers,South South,93264,331,20.95,Dry,0.35,1
Feb-2001,2001,February,Nigeria,Enugu,South East,59034,238,21.14,Dry,0.40,1
Mar-2001,2001,March,Nigeria,Kano,North West,313222,1541,34.87,Dry,0.49,1
Mar-2001,2001,March,Nigeria,Kaduna,North West,201312,1169,37.44,Dry,0.58,1
Mar-2001,2001,March,Nigeria,Borno,North East,85029,471,23.37,Dry,0.55,1
Mar-2001,2001,March,Nigeria,Kwara,North Central,14531,58,6.87,Dry,0.40,1
Mar-2001,2001,March,Nigeria,Lagos,South West,187820,536,20.12,Dry,0.29,1
Mar-2001,2001,March,Nigeria,Ogun,South West,75256,259,19.81,Dry,0.34,1
Mar-2001,2001,March,Nigeria,Rivers,South South,99263,371,22.3,Dry,0.37,1
Mar-2001,2001,March,Nigeria,Enugu,South East,66691,323,23.88,Dry,0.48,1
Apr-2001,2001,April,Nigeria,Kano,North West,307196,1220,34.2,Rainy,0.40,2
Apr-2001,2001,April,Nigeria,Kaduna,North West,187537,947,34.87,Rainy,0.50,2
Apr-2001,2001,April,Nigeria,Borno,North East,74264,421,20.41,Rainy,0.57,2
Apr-2001,2001,April,Nigeria,Kwara,North Central,12979,68,6.14,Rainy,0.52,2
Apr-2001,2001,April,Nigeria,Lagos,South West,163838,414,17.55,Rainy,0.25,2
Apr-2001,2001,April,Nigeria,Ogun,South West,71707,236,18.88,Rainy,0.33,2
Apr-2001,2001,April,Nigeria,Rivers,South South,81880,288,18.39,Rainy,0.35,2
Apr-2001,2001,April,Nigeria,Enugu,South East,60597,216,21.7,Rainy,0.36,2
May-2001,2001,May,Nigeria,Kano,North West,276907,1291,30.83,Rainy,0.47,2
May-2001,2001,May,Nigeria,Kaduna,North West,177651,942,33.04,Rainy,0.53,2
May-2001,2001,May,Nigeria,Borno,North East,85686,443,23.55,Rainy,0.52,2
May-2001,2001,May,Nigeria,Kwara,North Central,14259,44,6.74,Rainy,0.31,2
May-2001,2001,May,Nigeria,Lagos,South West,176679,425,18.93,Rainy,0.24,2
May-2001,2001,May,Nigeria,Ogun,South West,71133,324,18.73,Rainy,0.46,2
May-2001,2001,May,Nigeria,Rivers,South South,89376,409,20.08,Rainy,0.46,2
May-2001,2001,May,Nigeria,Enugu,South East,62729,271,22.46,Rainy,0.43,2
Jun-2001,2001,June,Nigeria,Kano,North West,336863,1956,37.5,Rainy,0.58,2
Jun-2001,2001,June,Nigeria,Kaduna,North West,210402,1052,39.13,Rainy,0.50,2
Jun-2001,2001,June,Nigeria,Borno,North East,88548,592,24.34,Rainy,0.67,2
Jun-2001,2001,June,Nigeria,Kwara,North Central,17037,92,8.06,Rainy,0.54,2
Jun-2001,2001,June,Nigeria,Lagos,South West,167325,405,17.93,Rainy,0.24,2
Jun-2001,2001,June,Nigeria,Ogun,South West,85330,282,22.47,Rainy,0.33,2
Jun-2001,2001,June,Nigeria,Rivers,South South,98122,472,22.04,Rainy,0.48,2
Jun-2001,2001,June,Nigeria,Enugu,South East,65584,287,23.49,Rainy,0.44,2
Jul-2001,2001,July,Nigeria,Kano,North West,438752,2404,48.85,Rainy,0.55,3
Jul-2001,2001,July,Nigeria,Kaduna,North West,274278,1224,51,Rainy,0.45,3
Jul-2001,2001,July,Nigeria,Borno,North East,129586,790,35.61,Rainy,0.61,3
Jul-2001,2001,July,Nigeria,Kwara,North Central,23545,69,11.14,Rainy,0.29,3
Jul-2001,2001,July,Nigeria,Lagos,South West,249012,686,26.68,Rainy,0.28,3
Jul-2001,2001,July,Nigeria,Ogun,South West,114548,410,30.16,Rainy,0.36,3
Jul-2001,2001,July,Nigeria,Rivers,South South,132052,463,29.66,Rainy,0.35,3
Jul-2001,2001,July,Nigeria,Enugu,South East,100664,391,36.05,Rainy,0.39,3
Aug-2001,2001,August,Nigeria,Kano,North West,512325,2202,57.04,Rainy,0.43,3
Aug-2001,2001,August,Nigeria,Kaduna,North West,305241,1735,56.76,Rainy,0.57,3
Aug-2001,2001,August,Nigeria,Borno,North East,145551,829,40,Rainy,0.57,3
Aug-2001,2001,August,Nigeria,Kwara,North Central,23647,113,11.18,Rainy,0.48,3
Aug-2001,2001,August,Nigeria,Lagos,South West,270085,761,28.94,Rainy,0.28,3
Aug-2001,2001,August,Nigeria,Ogun,South West,114836,427,30.23,Rainy,0.37,3
Aug-2001,2001,August,Nigeria,Rivers,South South,135926,609,30.53,Rainy,0.45,3
Aug-2001,2001,August,Nigeria,Enugu,South East,94755,312,33.93,Rainy,0.33,3
Sep-2001,2001,September,Nigeria,Kano,North West,603377,2304,67.17,Rainy,0.38,3
Sep-2001,2001,September,Nigeria,Kaduna,North West,375234,1685,69.78,Rainy,0.45,3
Sep-2001,2001,September,Nigeria,Borno,North East,162821,961,44.75,Rainy,0.59,3
Sep-2001,2001,September,Nigeria,Kwara,North Central,29165,106,13.79,Rainy,0.36,3
Sep-2001,2001,September,Nigeria,Lagos,South West,358270,1233,38.38,Rainy,0.34,3
Sep-2001,2001,September,Nigeria,Ogun,South West,134968,477,35.53,Rainy,0.35,3
Sep-2001,2001,September,Nigeria,Rivers,South South,169302,644,38.03,Rainy,0.38,3
Sep-2001,2001,September,Nigeria,Enugu,South East,123745,415,44.32,Rainy,0.34,3
Oct-2001,2001,October,Nigeria,Kano,North West,556343,2611,61.94,Rainy,0.47,4
Oct-2001,2001,October,Nigeria,Kaduna,North West,363494,1532,67.59,Rainy,0.42,4
Oct-2001,2001,October,Nigeria,Borno,North East,152823,1028,42,Rainy,0.67,4
Oct-2001,2001,October,Nigeria,Kwara,North Central,26742,73,12.65,Rainy,0.27,4
Oct-2001,2001,October,Nigeria,Lagos,South West,278365,679,29.82,Rainy,0.24,4
Oct-2001,2001,October,Nigeria,Ogun,South West,121862,548,32.08,Rainy,0.45,4
Oct-2001,2001,October,Nigeria,Rivers,South South,168539,608,37.86,Rainy,0.36,4
Oct-2001,2001,October,Nigeria,Enugu,South East,113389,316,40.61,Rainy,0.28,4
Nov-2001,2001,November,Nigeria,Kano,North West,466487,1781,51.93,Dry,0.38,4
Nov-2001,2001,November,Nigeria,Kaduna,North West,294424,1327,54.75,Dry,0.45,4
Nov-2001,2001,November,Nigeria,Borno,North East,123614,611,33.97,Dry,0.49,4
Nov-2001,2001,November,Nigeria,Kwara,North Central,20026,77,9.47,Dry,0.38,4
Nov-2001,2001,November,Nigeria,Lagos,South West,254213,667,27.24,Dry,0.26,4
Nov-2001,2001,November,Nigeria,Ogun,South West,102689,387,27.04,Dry,0.38,4
Nov-2001,2001,November,Nigeria,Rivers,South South,144480,494,32.46,Dry,0.34,4
Nov-2001,2001,November,Nigeria,Enugu,South East,89742,321,32.14,Dry,0.36,4
Dec-2001,2001,December,Nigeria,Kano,North West,363359,1322,40.45,Dry,0.36,4
Dec-2001,2001,December,Nigeria,Kaduna,North West,193736,944,36.03,Dry,0.49,4
Dec-2001,2001,December,Nigeria,Borno,North East,91915,539,25.26,Dry,0.59,4
Dec-2001,2001,December,Nigeria,Kwara,North Central,16901,67,7.99,Dry,0.40,4
Dec-2001,2001,December,Nigeria,Lagos,South West,238335,698,25.53,Dry,0.29,4
Dec-2001,2001,December,Nigeria,Ogun,South West,81090,369,21.35,Dry,0.46,4
Dec-2001,2001,December,Nigeria,Rivers,South South,100878,374,22.66,Dry,0.37,4
Dec-2001,2001,December,Nigeria,Enugu,South East,71558,285,25.63,Dry,0.40,4
Jan-2002,2002,January,Nigeria,Kano,North West,245742,1047,26.66,Dry,0.43,1
Jan-2002,2002,January,Nigeria,Kaduna,North West,153645,546,27.87,Dry,0.36,1
Jan-2002,2002,January,Nigeria,Borno,North East,71460,424,19.16,Dry,0.59,1
Jan-2002,2002,January,Nigeria,Kwara,North Central,10842,26,5,Dry,0.24,1
Jan-2002,2002,January,Nigeria,Lagos,South West,133896,382,14.1,Dry,0.29,1
Jan-2002,2002,January,Nigeria,Ogun,South West,47307,144,12.15,Dry,0.30,1
Jan-2002,2002,January,Nigeria,Rivers,South South,73835,204,16.18,Dry,0.28,1
Jan-2002,2002,January,Nigeria,Enugu,South East,48082,194,16.8,Dry,0.40,1
Feb-2002,2002,February,Nigeria,Kano,North West,243803,1156,26.45,Dry,0.47,1
Feb-2002,2002,February,Nigeria,Kaduna,North West,169883,661,30.82,Dry,0.39,1
Feb-2002,2002,February,Nigeria,Borno,North East,77449,431,20.77,Dry,0.56,1
Feb-2002,2002,February,Nigeria,Kwara,North Central,12529,59,5.78,Dry,0.47,1
Feb-2002,2002,February,Nigeria,Lagos,South West,137315,383,14.46,Dry,0.28,1
Feb-2002,2002,February,Nigeria,Ogun,South West,64904,256,16.67,Dry,0.39,1
Feb-2002,2002,February,Nigeria,Rivers,South South,87971,320,19.28,Dry,0.36,1
Feb-2002,2002,February,Nigeria,Enugu,South East,51250,232,17.91,Dry,0.45,1
Mar-2002,2002,March,Nigeria,Kano,North West,318318,1701,34.53,Dry,0.53,1
Mar-2002,2002,March,Nigeria,Kaduna,North West,202379,842,36.72,Dry,0.42,1
Mar-2002,2002,March,Nigeria,Borno,North East,78910,434,21.16,Dry,0.55,1
Mar-2002,2002,March,Nigeria,Kwara,North Central,16025,69,7.39,Dry,0.43,1
Mar-2002,2002,March,Nigeria,Lagos,South West,176251,440,18.55,Dry,0.25,1
Mar-2002,2002,March,Nigeria,Ogun,South West,66379,221,17.05,Dry,0.33,1
Mar-2002,2002,March,Nigeria,Rivers,South South,99608,387,21.83,Dry,0.39,1
Mar-2002,2002,March,Nigeria,Enugu,South East,62687,247,21.9,Dry,0.39,1
Apr-2002,2002,April,Nigeria,Kano,North West,302521,662,32.82,Rainy,0.22,2
Apr-2002,2002,April,Nigeria,Kaduna,North West,163668,786,29.69,Rainy,0.48,2
Apr-2002,2002,April,Nigeria,Borno,North East,71474,323,19.16,Rainy,0.45,2
Apr-2002,2002,April,Nigeria,Kwara,North Central,13444,64,6.2,Rainy,0.48,2
Apr-2002,2002,April,Nigeria,Lagos,South West,176976,452,18.63,Rainy,0.26,2
Apr-2002,2002,April,Nigeria,Ogun,South West,70678,230,18.15,Rainy,0.33,2
Apr-2002,2002,April,Nigeria,Rivers,South South,94173,421,20.64,Rainy,0.45,2
Apr-2002,2002,April,Nigeria,Enugu,South East,69305,217,24.21,Rainy,0.31,2
May-2002,2002,May,Nigeria,Kano,North West,364879,1505,39.58,Rainy,0.41,2
May-2002,2002,May,Nigeria,Kaduna,North West,195826,940,35.53,Rainy,0.48,2
May-2002,2002,May,Nigeria,Borno,North East,94948,571,25.46,Rainy,0.60,2
May-2002,2002,May,Nigeria,Kwara,North Central,13556,45,6.26,Rainy,0.33,2
May-2002,2002,May,Nigeria,Lagos,South West,180713,493,19.02,Rainy,0.27,2
May-2002,2002,May,Nigeria,Ogun,South West,74764,298,19.2,Rainy,0.40,2
May-2002,2002,May,Nigeria,Rivers,South South,108666,480,23.82,Rainy,0.44,2
May-2002,2002,May,Nigeria,Enugu,South East,68222,240,23.84,Rainy,0.35,2
Jun-2002,2002,June,Nigeria,Kano,North West,386624,1748,41.94,Rainy,0.45,2
Jun-2002,2002,June,Nigeria,Kaduna,North West,248599,973,45.1,Rainy,0.39,2
Jun-2002,2002,June,Nigeria,Borno,North East,96019,588,25.74,Rainy,0.61,2
Jun-2002,2002,June,Nigeria,Kwara,North Central,18958,82,8.75,Rainy,0.43,2
Jun-2002,2002,June,Nigeria,Lagos,South West,202523,483,21.32,Rainy,0.24,2
Jun-2002,2002,June,Nigeria,Ogun,South West,90784,305,23.32,Rainy,0.34,2
Jun-2002,2002,June,Nigeria,Rivers,South South,122661,407,26.88,Rainy,0.33,2
Jun-2002,2002,June,Nigeria,Enugu,South East,69224,203,24.19,Rainy,0.29,2
Jul-2002,2002,July,Nigeria,Kano,North West,472945,1888,51.31,Rainy,0.40,3
Jul-2002,2002,July,Nigeria,Kaduna,North West,235472,1213,42.72,Rainy,0.52,3
Jul-2002,2002,July,Nigeria,Borno,North East,121563,841,32.59,Rainy,0.69,3
Jul-2002,2002,July,Nigeria,Kwara,North Central,21556,88,9.95,Rainy,0.41,3
Jul-2002,2002,July,Nigeria,Lagos,South West,257720,623,27.13,Rainy,0.24,3
Jul-2002,2002,July,Nigeria,Ogun,South West,93510,384,24.02,Rainy,0.41,3
Jul-2002,2002,July,Nigeria,Rivers,South South,146189,630,32.04,Rainy,0.43,3
Jul-2002,2002,July,Nigeria,Enugu,South East,100696,482,35.18,Rainy,0.48,3
Aug-2002,2002,August,Nigeria,Kano,North West,523849,2364,56.83,Rainy,0.45,3
Aug-2002,2002,August,Nigeria,Kaduna,North West,330585,1847,59.97,Rainy,0.56,3
Aug-2002,2002,August,Nigeria,Borno,North East,142429,835,38.19,Rainy,0.59,3
Aug-2002,2002,August,Nigeria,Kwara,North Central,25581,95,11.8,Rainy,0.37,3
Aug-2002,2002,August,Nigeria,Lagos,South West,300257,730,31.61,Rainy,0.24,3
Aug-2002,2002,August,Nigeria,Ogun,South West,121479,463,31.2,Rainy,0.38,3
Aug-2002,2002,August,Nigeria,Rivers,South South,192713,650,42.23,Rainy,0.34,3
Aug-2002,2002,August,Nigeria,Enugu,South East,97193,330,33.96,Rainy,0.34,3
Sep-2002,2002,September,Nigeria,Kano,North West,551733,1649,59.85,Rainy,0.30,3
Sep-2002,2002,September,Nigeria,Kaduna,North West,363041,1477,65.86,Rainy,0.41,3
Sep-2002,2002,September,Nigeria,Borno,North East,166489,1188,44.64,Rainy,0.71,3
Sep-2002,2002,September,Nigeria,Kwara,North Central,27572,81,12.72,Rainy,0.29,3
Sep-2002,2002,September,Nigeria,Lagos,South West,310323,1014,32.67,Rainy,0.33,3
Sep-2002,2002,September,Nigeria,Ogun,South West,142253,659,36.54,Rainy,0.46,3
Sep-2002,2002,September,Nigeria,Rivers,South South,176282,808,38.63,Rainy,0.46,3
Sep-2002,2002,September,Nigeria,Enugu,South East,109564,303,38.28,Rainy,0.28,3
Oct-2002,2002,October,Nigeria,Kano,North West,563482,2765,61.13,Rainy,0.49,4
Oct-2002,2002,October,Nigeria,Kaduna,North West,326828,1171,59.29,Rainy,0.36,4
Oct-2002,2002,October,Nigeria,Borno,North East,140655,975,37.71,Rainy,0.69,4
Oct-2002,2002,October,Nigeria,Kwara,North Central,23984,98,11.07,Rainy,0.41,4
Oct-2002,2002,October,Nigeria,Lagos,South West,295819,767,31.14,Rainy,0.26,4
Oct-2002,2002,October,Nigeria,Ogun,South West,125329,315,32.19,Rainy,0.25,4
Oct-2002,2002,October,Nigeria,Rivers,South South,175425,708,38.45,Rainy,0.40,4
Oct-2002,2002,October,Nigeria,Enugu,South East,112291,368,39.23,Rainy,0.33,4
Nov-2002,2002,November,Nigeria,Kano,North West,383967,1620,41.65,Dry,0.42,4
Nov-2002,2002,November,Nigeria,Kaduna,North West,258636,1033,46.92,Dry,0.40,4
Nov-2002,2002,November,Nigeria,Borno,North East,126624,645,33.95,Dry,0.51,4
Nov-2002,2002,November,Nigeria,Kwara,North Central,21164,94,9.77,Dry,0.44,4
Nov-2002,2002,November,Nigeria,Lagos,South West,275654,835,29.02,Dry,0.30,4
Nov-2002,2002,November,Nigeria,Ogun,South West,109816,466,28.21,Dry,0.42,4
Nov-2002,2002,November,Nigeria,Rivers,South South,141557,437,31.02,Dry,0.31,4
Nov-2002,2002,November,Nigeria,Enugu,South East,85544,289,29.89,Dry,0.34,4
Dec-2002,2002,December,Nigeria,Kano,North West,393951,1984,42.74,Dry,0.50,4
Dec-2002,2002,December,Nigeria,Kaduna,North West,224048,1257,40.65,Dry,0.56,4
Dec-2002,2002,December,Nigeria,Borno,North East,94948,680,25.46,Dry,0.72,4
Dec-2002,2002,December,Nigeria,Kwara,North Central,19399,83,8.95,Dry,0.43,4
Dec-2002,2002,December,Nigeria,Lagos,South West,179518,471,18.9,Dry,0.26,4
Dec-2002,2002,December,Nigeria,Ogun,South West,86325,211,22.17,Dry,0.24,4
Dec-2002,2002,December,Nigeria,Rivers,South South,107898,356,23.65,Dry,0.33,4
Dec-2002,2002,December,Nigeria,Enugu,South East,72792,285,25.43,Dry,0.39,4
Jan-2003,2003,January,Nigeria,Kano,North West,303149,1531,32.05,Dry,0.51,1
Jan-2003,2003,January,Nigeria,Kaduna,North West,164489,667,29.11,Dry,0.41,1
Jan-2003,2003,January,Nigeria,Borno,North East,76835,333,20.1,Dry,0.43,1
Jan-2003,2003,January,Nigeria,Kwara,North Central,12954,61,5.83,Dry,0.47,1
Jan-2003,2003,January,Nigeria,Lagos,South West,163377,480,16.9,Dry,0.29,1
Jan-2003,2003,January,Nigeria,Ogun,South West,67363,287,16.88,Dry,0.43,1
Jan-2003,2003,January,Nigeria,Rivers,South South,89106,363,19.05,Dry,0.41,1
Jan-2003,2003,January,Nigeria,Enugu,South East,55842,140,19.03,Dry,0.25,1
Feb-2003,2003,February,Nigeria,Kano,North West,311085,1273,32.89,Dry,0.41,1
Feb-2003,2003,February,Nigeria,Kaduna,North West,175743,675,31.11,Dry,0.38,1
Feb-2003,2003,February,Nigeria,Borno,North East,82859,543,21.67,Dry,0.66,1
Feb-2003,2003,February,Nigeria,Kwara,North Central,13357,49,6.01,Dry,0.37,1
Feb-2003,2003,February,Nigeria,Lagos,South West,166318,385,17.2,Dry,0.23,1
Feb-2003,2003,February,Nigeria,Ogun,South West,71981,262,18.04,Dry,0.36,1
Feb-2003,2003,February,Nigeria,Rivers,South South,90006,281,19.24,Dry,0.31,1
Feb-2003,2003,February,Nigeria,Enugu,South East,56958,195,19.41,Dry,0.34,1
Mar-2003,2003,March,Nigeria,Kano,North West,357911,1698,37.84,Dry,0.47,1
Mar-2003,2003,March,Nigeria,Kaduna,North West,243425,994,43.08,Dry,0.41,1
Mar-2003,2003,March,Nigeria,Borno,North East,95365,486,24.95,Dry,0.51,1
Mar-2003,2003,March,Nigeria,Kwara,North Central,18272,73,8.23,Dry,0.40,1
Mar-2003,2003,March,Nigeria,Lagos,South West,197333,538,20.41,Dry,0.27,1
Mar-2003,2003,March,Nigeria,Ogun,South West,77319,311,19.38,Dry,0.40,1
Mar-2003,2003,March,Nigeria,Rivers,South South,95863,346,20.5,Dry,0.36,1
Mar-2003,2003,March,Nigeria,Enugu,South East,71839,280,24.49,Dry,0.39,1
Apr-2003,2003,April,Nigeria,Kano,North West,318708,1464,33.69,Rainy,0.46,2
Apr-2003,2003,April,Nigeria,Kaduna,North West,197030,796,34.87,Rainy,0.40,2
Apr-2003,2003,April,Nigeria,Borno,North East,97535,605,25.51,Rainy,0.62,2
Apr-2003,2003,April,Nigeria,Kwara,North Central,14938,66,6.73,Rainy,0.44,2
Apr-2003,2003,April,Nigeria,Lagos,South West,162163,403,16.77,Rainy,0.25,2
Apr-2003,2003,April,Nigeria,Ogun,South West,74185,331,18.59,Rainy,0.45,2
Apr-2003,2003,April,Nigeria,Rivers,South South,93163,359,19.92,Rainy,0.39,2
Apr-2003,2003,April,Nigeria,Enugu,South East,64849,276,22.1,Rainy,0.43,2
May-2003,2003,May,Nigeria,Kano,North West,318418,1070,33.66,Rainy,0.34,2
May-2003,2003,May,Nigeria,Kaduna,North West,197569,643,34.97,Rainy,0.33,2
May-2003,2003,May,Nigeria,Borno,North East,85095,538,22.26,Rainy,0.63,2
May-2003,2003,May,Nigeria,Kwara,North Central,14539,68,6.55,Rainy,0.47,2
May-2003,2003,May,Nigeria,Lagos,South West,180696,486,18.69,Rainy,0.27,2
May-2003,2003,May,Nigeria,Ogun,South West,67776,182,16.98,Rainy,0.27,2
May-2003,2003,May,Nigeria,Rivers,South South,98210,327,21,Rainy,0.33,2
May-2003,2003,May,Nigeria,Enugu,South East,67972,254,23.17,Rainy,0.37,2
Jun-2003,2003,June,Nigeria,Kano,North West,317298,1568,33.54,Rainy,0.49,2
Jun-2003,2003,June,Nigeria,Kaduna,North West,219199,1283,38.8,Rainy,0.59,2
Jun-2003,2003,June,Nigeria,Borno,North East,99843,744,26.12,Rainy,0.75,2
Jun-2003,2003,June,Nigeria,Kwara,North Central,17476,59,7.87,Rainy,0.34,2
Jun-2003,2003,June,Nigeria,Lagos,South West,205752,602,21.28,Rainy,0.29,2
Jun-2003,2003,June,Nigeria,Ogun,South West,90753,376,22.74,Rainy,0.41,2
Jun-2003,2003,June,Nigeria,Rivers,South South,117713,452,25.17,Rainy,0.38,2
Jun-2003,2003,June,Nigeria,Enugu,South East,71475,269,24.36,Rainy,0.38,2
Jul-2003,2003,July,Nigeria,Kano,North West,430796,1529,45.54,Rainy,0.35,3
Jul-2003,2003,July,Nigeria,Kaduna,North West,263387,866,46.62,Rainy,0.33,3
Jul-2003,2003,July,Nigeria,Borno,North East,123116,633,32.2,Rainy,0.51,3
Jul-2003,2003,July,Nigeria,Kwara,North Central,23022,82,10.36,Rainy,0.36,3
Jul-2003,2003,July,Nigeria,Lagos,South West,257854,512,26.67,Rainy,0.20,3
Jul-2003,2003,July,Nigeria,Ogun,South West,101706,397,25.49,Rainy,0.39,3
Jul-2003,2003,July,Nigeria,Rivers,South South,144081,504,30.81,Rainy,0.35,3
Jul-2003,2003,July,Nigeria,Enugu,South East,83441,336,28.44,Rainy,0.40,3
Aug-2003,2003,August,Nigeria,Kano,North West,423025,2276,44.72,Rainy,0.54,3
Aug-2003,2003,August,Nigeria,Kaduna,North West,221361,1080,39.18,Rainy,0.49,3
Aug-2003,2003,August,Nigeria,Borno,North East,129719,701,33.93,Rainy,0.54,3
Aug-2003,2003,August,Nigeria,Kwara,North Central,21406,89,9.64,Rainy,0.42,3
Aug-2003,2003,August,Nigeria,Lagos,South West,240330,460,24.86,Rainy,0.19,3
Aug-2003,2003,August,Nigeria,Ogun,South West,106873,357,26.78,Rainy,0.33,3
Aug-2003,2003,August,Nigeria,Rivers,South South,135300,428,28.93,Rainy,0.32,3
Aug-2003,2003,August,Nigeria,Enugu,South East,92846,331,31.65,Rainy,0.36,3
Sep-2003,2003,September,Nigeria,Kano,North West,619865,2722,65.53,Rainy,0.44,3
Sep-2003,2003,September,Nigeria,Kaduna,North West,381115,1590,67.46,Rainy,0.42,3
Sep-2003,2003,September,Nigeria,Borno,North East,159380,924,41.69,Rainy,0.58,3
Sep-2003,2003,September,Nigeria,Kwara,North Central,33598,118,15.13,Rainy,0.35,3
Sep-2003,2003,September,Nigeria,Lagos,South West,383405,1092,39.66,Rainy,0.28,3
Sep-2003,2003,September,Nigeria,Ogun,South West,140436,448,35.19,Rainy,0.32,3
Sep-2003,2003,September,Nigeria,Rivers,South South,188699,704,40.35,Rainy,0.37,3
Sep-2003,2003,September,Nigeria,Enugu,South East,125556,484,42.8,Rainy,0.39,3
Oct-2003,2003,October,Nigeria,Kano,North West,492902,2432,52.11,Rainy,0.49,4
Oct-2003,2003,October,Nigeria,Kaduna,North West,297125,1516,52.59,Rainy,0.51,4
Oct-2003,2003,October,Nigeria,Borno,North East,131160,735,34.31,Rainy,0.56,4
Oct-2003,2003,October,Nigeria,Kwara,North Central,23924,69,10.77,Rainy,0.29,4
Oct-2003,2003,October,Nigeria,Lagos,South West,270958,844,28.03,Rainy,0.31,4
Oct-2003,2003,October,Nigeria,Ogun,South West,109509,430,27.44,Rainy,0.39,4
Oct-2003,2003,October,Nigeria,Rivers,South South,139878,616,29.91,Rainy,0.44,4
Oct-2003,2003,October,Nigeria,Enugu,South East,105331,492,35.9,Rainy,0.47,4
Nov-2003,2003,November,Nigeria,Kano,North West,487862,2568,51.57,Dry,0.53,4
Nov-2003,2003,November,Nigeria,Kaduna,North West,290810,1569,51.47,Dry,0.54,4
Nov-2003,2003,November,Nigeria,Borno,North East,134615,827,35.21,Dry,0.61,4
Nov-2003,2003,November,Nigeria,Kwara,North Central,22498,42,10.13,Dry,0.19,4
Nov-2003,2003,November,Nigeria,Lagos,South West,246720,748,25.52,Dry,0.30,4
Nov-2003,2003,November,Nigeria,Ogun,South West,109597,457,27.46,Dry,0.42,4
Nov-2003,2003,November,Nigeria,Rivers,South South,148061,734,31.66,Dry,0.50,4
Nov-2003,2003,November,Nigeria,Enugu,South East,103305,335,35.21,Dry,0.32,4
Dec-2003,2003,December,Nigeria,Kano,North West,470746,2426,49.77,Dry,0.52,4
Dec-2003,2003,December,Nigeria,Kaduna,North West,263719,1492,46.68,Dry,0.57,4
Dec-2003,2003,December,Nigeria,Borno,North East,121016,585,31.66,Dry,0.48,4
Dec-2003,2003,December,Nigeria,Kwara,North Central,20783,91,9.36,Dry,0.44,4
Dec-2003,2003,December,Nigeria,Lagos,South West,216732,654,22.42,Dry,0.30,4
Dec-2003,2003,December,Nigeria,Ogun,South West,98830,354,24.77,Dry,0.36,4
Dec-2003,2003,December,Nigeria,Rivers,South South,126828,462,27.12,Dry,0.36,4
Dec-2003,2003,December,Nigeria,Enugu,South East,72862,198,24.84,Dry,0.27,4
Jan-2004,2004,January,Nigeria,Kano,North West,295433,1183,30.43,Dry,0.40,1
Jan-2004,2004,January,Nigeria,Kaduna,North West,192000,803,33.15,Dry,0.42,1
Jan-2004,2004,January,Nigeria,Borno,North East,84932,520,21.67,Dry,0.61,1
Jan-2004,2004,January,Nigeria,Kwara,North Central,14698,44,6.46,Dry,0.30,1
Jan-2004,2004,January,Nigeria,Lagos,South West,182524,492,18.55,Dry,0.27,1
Jan-2004,2004,January,Nigeria,Ogun,South West,75555,208,18.47,Dry,0.28,1
Jan-2004,2004,January,Nigeria,Rivers,South South,103895,396,21.67,Dry,0.38,1
Jan-2004,2004,January,Nigeria,Enugu,South East,66647,219,22.16,Dry,0.33,1
Feb-2004,2004,February,Nigeria,Kano,North West,274893,1196,28.32,Dry,0.44,1
Feb-2004,2004,February,Nigeria,Kaduna,North West,179027,779,30.91,Dry,0.44,1
Feb-2004,2004,February,Nigeria,Borno,North East,82965,525,21.17,Dry,0.63,1
Feb-2004,2004,February,Nigeria,Kwara,North Central,14405,57,6.33,Dry,0.40,1
Feb-2004,2004,February,Nigeria,Lagos,South West,141466,394,14.38,Dry,0.28,1
Feb-2004,2004,February,Nigeria,Ogun,South West,67679,262,16.55,Dry,0.39,1
Feb-2004,2004,February,Nigeria,Rivers,South South,87605,327,18.27,Dry,0.37,1
Feb-2004,2004,February,Nigeria,Enugu,South East,49908,139,16.6,Dry,0.28,1
Mar-2004,2004,March,Nigeria,Kano,North West,391213,2187,40.3,Dry,0.56,1
Mar-2004,2004,March,Nigeria,Kaduna,North West,238826,875,41.24,Dry,0.37,1
Mar-2004,2004,March,Nigeria,Borno,North East,97486,675,24.88,Dry,0.69,1
Mar-2004,2004,March,Nigeria,Kwara,North Central,18068,73,7.94,Dry,0.40,1
Mar-2004,2004,March,Nigeria,Lagos,South West,219994,563,22.36,Dry,0.26,1
Mar-2004,2004,March,Nigeria,Ogun,South West,78688,262,19.24,Dry,0.33,1
Mar-2004,2004,March,Nigeria,Rivers,South South,107894,484,22.51,Dry,0.45,1
Mar-2004,2004,March,Nigeria,Enugu,South East,76067,307,25.3,Dry,0.40,1
Apr-2004,2004,April,Nigeria,Kano,North West,337428,1483,34.76,Rainy,0.44,2
Apr-2004,2004,April,Nigeria,Kaduna,North West,176599,721,30.49,Rainy,0.41,2
Apr-2004,2004,April,Nigeria,Borno,North East,79699,329,20.34,Rainy,0.41,2
Apr-2004,2004,April,Nigeria,Kwara,North Central,13815,51,6.07,Rainy,0.37,2
Apr-2004,2004,April,Nigeria,Lagos,South West,166723,370,16.95,Rainy,0.22,2
Apr-2004,2004,April,Nigeria,Ogun,South West,64080,211,15.67,Rainy,0.33,2
Apr-2004,2004,April,Nigeria,Rivers,South South,90694,329,18.92,Rainy,0.36,2
Apr-2004,2004,April,Nigeria,Enugu,South East,54483,137,18.12,Rainy,0.25,2
May-2004,2004,May,Nigeria,Kano,North West,342392,1568,35.27,Rainy,0.46,2
May-2004,2004,May,Nigeria,Kaduna,North West,183022,784,31.6,Rainy,0.43,2
May-2004,2004,May,Nigeria,Borno,North East,93765,398,23.93,Rainy,0.42,2
May-2004,2004,May,Nigeria,Kwara,North Central,14277,62,6.27,Rainy,0.43,2
May-2004,2004,May,Nigeria,Lagos,South West,212095,425,21.56,Rainy,0.20,2
May-2004,2004,May,Nigeria,Ogun,South West,69757,262,17.05,Rainy,0.38,2
May-2004,2004,May,Nigeria,Rivers,South South,93634,382,19.53,Rainy,0.41,2
May-2004,2004,May,Nigeria,Enugu,South East,65548,215,21.8,Rainy,0.33,2
Jun-2004,2004,June,Nigeria,Kano,North West,449211,1595,46.28,Rainy,0.36,2
Jun-2004,2004,June,Nigeria,Kaduna,North West,260680,1283,45.01,Rainy,0.49,2
Jun-2004,2004,June,Nigeria,Borno,North East,96045,497,24.51,Rainy,0.52,2
Jun-2004,2004,June,Nigeria,Kwara,North Central,19682,61,8.64,Rainy,0.31,2
Jun-2004,2004,June,Nigeria,Lagos,South West,241839,470,24.58,Rainy,0.19,2
Jun-2004,2004,June,Nigeria,Ogun,South West,89374,249,21.85,Rainy,0.28,2
Jun-2004,2004,June,Nigeria,Rivers,South South,125221,422,26.12,Rainy,0.34,2
Jun-2004,2004,June,Nigeria,Enugu,South East,90195,293,29.99,Rainy,0.32,2
Jul-2004,2004,July,Nigeria,Kano,North West,444966,2327,45.84,Rainy,0.52,3
Jul-2004,2004,July,Nigeria,Kaduna,North West,280682,1136,48.47,Rainy,0.40,3
Jul-2004,2004,July,Nigeria,Borno,North East,123955,558,31.63,Rainy,0.45,3
Jul-2004,2004,July,Nigeria,Kwara,North Central,19448,99,8.54,Rainy,0.51,3
Jul-2004,2004,July,Nigeria,Lagos,South West,268170,781,27.26,Rainy,0.29,3
Jul-2004,2004,July,Nigeria,Ogun,South West,113555,342,27.76,Rainy,0.30,3
Jul-2004,2004,July,Nigeria,Rivers,South South,139313,541,29.06,Rainy,0.39,3
Jul-2004,2004,July,Nigeria,Enugu,South East,79605,296,26.47,Rainy,0.37,3
Aug-2004,2004,August,Nigeria,Kano,North West,509951,1999,52.53,Rainy,0.39,3
Aug-2004,2004,August,Nigeria,Kaduna,North West,309288,955,53.41,Rainy,0.31,3
Aug-2004,2004,August,Nigeria,Borno,North East,133867,846,34.16,Rainy,0.63,3
Aug-2004,2004,August,Nigeria,Kwara,North Central,22782,103,10.01,Rainy,0.45,3
Aug-2004,2004,August,Nigeria,Lagos,South West,271200,680,27.57,Rainy,0.25,3
Aug-2004,2004,August,Nigeria,Ogun,South West,119032,365,29.1,Rainy,0.31,3
Aug-2004,2004,August,Nigeria,Rivers,South South,167334,752,34.91,Rainy,0.45,3
Aug-2004,2004,August,Nigeria,Enugu,South East,101905,427,33.89,Rainy,0.42,3
Sep-2004,2004,September,Nigeria,Kano,North West,651295,1744,67.09,Rainy,0.27,3
Sep-2004,2004,September,Nigeria,Kaduna,North West,387647,2016,66.94,Rainy,0.52,3
Sep-2004,2004,September,Nigeria,Borno,North East,164055,953,41.87,Rainy,0.58,3
Sep-2004,2004,September,Nigeria,Kwara,North Central,31104,88,13.66,Rainy,0.28,3
Sep-2004,2004,September,Nigeria,Lagos,South West,353587,822,35.94,Rainy,0.23,3
Sep-2004,2004,September,Nigeria,Ogun,South West,149110,469,36.45,Rainy,0.31,3
Sep-2004,2004,September,Nigeria,Rivers,South South,210379,686,43.88,Rainy,0.33,3
Sep-2004,2004,September,Nigeria,Enugu,South East,142042,542,47.24,Rainy,0.38,3
Oct-2004,2004,October,Nigeria,Kano,North West,608473,2301,62.68,Rainy,0.38,4
Oct-2004,2004,October,Nigeria,Kaduna,North West,387778,1385,66.96,Rainy,0.36,4
Oct-2004,2004,October,Nigeria,Borno,North East,151093,726,38.56,Rainy,0.48,4
Oct-2004,2004,October,Nigeria,Kwara,North Central,27350,95,12.01,Rainy,0.35,4
Oct-2004,2004,October,Nigeria,Lagos,South West,314161,739,31.93,Rainy,0.24,4
Oct-2004,2004,October,Nigeria,Ogun,South West,137512,467,33.62,Rainy,0.34,4
Oct-2004,2004,October,Nigeria,Rivers,South South,185309,721,38.66,Rainy,0.39,4
Oct-2004,2004,October,Nigeria,Enugu,South East,122456,392,40.72,Rainy,0.32,4
Nov-2004,2004,November,Nigeria,Kano,North West,533013,2574,54.91,Dry,0.48,4
Nov-2004,2004,November,Nigeria,Kaduna,North West,294087,1410,50.78,Dry,0.48,4
Nov-2004,2004,November,Nigeria,Borno,North East,122687,546,31.31,Dry,0.45,4
Nov-2004,2004,November,Nigeria,Kwara,North Central,24413,107,10.72,Dry,0.44,4
Nov-2004,2004,November,Nigeria,Lagos,South West,241814,601,24.58,Dry,0.25,4
Nov-2004,2004,November,Nigeria,Ogun,South West,112655,389,27.54,Dry,0.35,4
Nov-2004,2004,November,Nigeria,Rivers,South South,150071,629,31.3,Dry,0.42,4
Nov-2004,2004,November,Nigeria,Enugu,South East,86656,316,28.82,Dry,0.36,4
Dec-2004,2004,December,Nigeria,Kano,North West,453111,1685,46.68,Dry,0.37,4
Dec-2004,2004,December,Nigeria,Kaduna,North West,237550,1051,41.02,Dry,0.44,4
Dec-2004,2004,December,Nigeria,Borno,North East,112788,502,28.78,Dry,0.45,4
Dec-2004,2004,December,Nigeria,Kwara,North Central,21162,71,9.29,Dry,0.34,4
Dec-2004,2004,December,Nigeria,Lagos,South West,232935,692,23.68,Dry,0.30,4
Dec-2004,2004,December,Nigeria,Ogun,South West,90086,242,22.02,Dry,0.27,4
Dec-2004,2004,December,Nigeria,Rivers,South South,131080,478,27.34,Dry,0.36,4
Dec-2004,2004,December,Nigeria,Enugu,South East,92228,329,30.67,Dry,0.36,4
Jan-2005,2005,January,Nigeria,Kano,North West,296097,1445,29.72,Dry,0.49,1
Jan-2005,2005,January,Nigeria,Kaduna,North West,175006,1028,29.48,Dry,0.59,1
Jan-2005,2005,January,Nigeria,Borno,North East,73539,410,18.31,Dry,0.56,1
Jan-2005,2005,January,Nigeria,Kwara,North Central,12953,50,5.55,Dry,0.39,1
Jan-2005,2005,January,Nigeria,Lagos,South West,155622,380,15.54,Dry,0.24,1
Jan-2005,2005,January,Nigeria,Ogun,South West,61804,186,14.74,Dry,0.30,1
Jan-2005,2005,January,Nigeria,Rivers,South South,96841,413,19.71,Dry,0.43,1
Jan-2005,2005,January,Nigeria,Enugu,South East,54091,246,17.55,Dry,0.45,1
Feb-2005,2005,February,Nigeria,Kano,North West,322253,1244,32.35,Dry,0.39,1
Feb-2005,2005,February,Nigeria,Kaduna,North West,199811,658,33.66,Dry,0.33,1
Feb-2005,2005,February,Nigeria,Borno,North East,79746,501,19.85,Dry,0.63,1
Feb-2005,2005,February,Nigeria,Kwara,North Central,13623,48,5.84,Dry,0.35,1
Feb-2005,2005,February,Nigeria,Lagos,South West,196618,530,19.64,Dry,0.27,1
Feb-2005,2005,February,Nigeria,Ogun,South West,80151,271,19.12,Dry,0.34,1
Feb-2005,2005,February,Nigeria,Rivers,South South,94850,347,19.3,Dry,0.37,1
Feb-2005,2005,February,Nigeria,Enugu,South East,60162,194,19.52,Dry,0.32,1
Mar-2005,2005,March,Nigeria,Kano,North West,350721,1486,35.21,Dry,0.42,1
Mar-2005,2005,March,Nigeria,Kaduna,North West,214580,692,36.15,Dry,0.32,1
Mar-2005,2005,March,Nigeria,Borno,North East,96312,465,23.98,Dry,0.48,1
Mar-2005,2005,March,Nigeria,Kwara,North Central,17333,58,7.43,Dry,0.33,1
Mar-2005,2005,March,Nigeria,Lagos,South West,178034,406,17.78,Dry,0.23,1
Mar-2005,2005,March,Nigeria,Ogun,South West,82022,316,19.56,Dry,0.39,1
Mar-2005,2005,March,Nigeria,Rivers,South South,114992,468,23.4,Dry,0.41,1
Mar-2005,2005,March,Nigeria,Enugu,South East,67958,252,22.05,Dry,0.37,1
Apr-2005,2005,April,Nigeria,Kano,North West,390267,1748,39.18,Rainy,0.45,2
Apr-2005,2005,April,Nigeria,Kaduna,North West,216000,902,36.39,Rainy,0.42,2
Apr-2005,2005,April,Nigeria,Borno,North East,104854,638,26.11,Rainy,0.61,2
Apr-2005,2005,April,Nigeria,Kwara,North Central,18133,83,7.77,Rainy,0.46,2
Apr-2005,2005,April,Nigeria,Lagos,South West,199165,392,19.89,Rainy,0.20,2
Apr-2005,2005,April,Nigeria,Ogun,South West,86592,289,20.65,Rainy,0.33,2
Apr-2005,2005,April,Nigeria,Rivers,South South,115093,385,23.42,Rainy,0.33,2
Apr-2005,2005,April,Nigeria,Enugu,South East,69239,282,22.46,Rainy,0.41,2
May-2005,2005,May,Nigeria,Kano,North West,301536,908,30.27,Rainy,0.30,2
May-2005,2005,May,Nigeria,Kaduna,North West,215336,795,36.28,Rainy,0.37,2
May-2005,2005,May,Nigeria,Borno,North East,80785,435,20.11,Rainy,0.54,2
May-2005,2005,May,Nigeria,Kwara,North Central,15143,47,6.49,Rainy,0.31,2
May-2005,2005,May,Nigeria,Lagos,South West,198251,569,19.8,Rainy,0.29,2
May-2005,2005,May,Nigeria,Ogun,South West,75507,333,18.01,Rainy,0.44,2
May-2005,2005,May,Nigeria,Rivers,South South,94721,385,19.28,Rainy,0.41,2
May-2005,2005,May,Nigeria,Enugu,South East,63468,209,20.59,Rainy,0.33,2
Jun-2005,2005,June,Nigeria,Kano,North West,439628,1648,44.13,Rainy,0.37,2
Jun-2005,2005,June,Nigeria,Kaduna,North West,232673,1028,39.2,Rainy,0.44,2
Jun-2005,2005,June,Nigeria,Borno,North East,123659,626,30.79,Rainy,0.51,2
Jun-2005,2005,June,Nigeria,Kwara,North Central,20035,74,8.59,Rainy,0.37,2
Jun-2005,2005,June,Nigeria,Lagos,South West,205426,464,20.52,Rainy,0.23,2
Jun-2005,2005,June,Nigeria,Ogun,South West,81312,335,19.39,Rainy,0.41,2
Jun-2005,2005,June,Nigeria,Rivers,South South,111731,347,22.74,Rainy,0.31,2
Jun-2005,2005,June,Nigeria,Enugu,South East,74819,187,24.27,Rainy,0.25,2
Jul-2005,2005,July,Nigeria,Kano,North West,497452,1740,49.94,Rainy,0.35,3
Jul-2005,2005,July,Nigeria,Kaduna,North West,283719,1189,47.8,Rainy,0.42,3
Jul-2005,2005,July,Nigeria,Borno,North East,145586,1048,36.25,Rainy,0.72,3
Jul-2005,2005,July,Nigeria,Kwara,North Central,22544,94,9.66,Rainy,0.42,3
Jul-2005,2005,July,Nigeria,Lagos,South West,250425,860,25.01,Rainy,0.34,3
Jul-2005,2005,July,Nigeria,Ogun,South West,110887,487,26.45,Rainy,0.44,3
Jul-2005,2005,July,Nigeria,Rivers,South South,153316,615,31.2,Rainy,0.40,3
Jul-2005,2005,July,Nigeria,Enugu,South East,94110,385,30.53,Rainy,0.41,3
Aug-2005,2005,August,Nigeria,Kano,North West,496447,1560,49.84,Rainy,0.31,3
Aug-2005,2005,August,Nigeria,Kaduna,North West,330077,1378,55.61,Rainy,0.42,3
Aug-2005,2005,August,Nigeria,Borno,North East,149874,861,37.32,Rainy,0.57,3
Aug-2005,2005,August,Nigeria,Kwara,North Central,26217,105,11.23,Rainy,0.40,3
Aug-2005,2005,August,Nigeria,Lagos,South West,299918,715,29.95,Rainy,0.24,3
Aug-2005,2005,August,Nigeria,Ogun,South West,124063,470,29.59,Rainy,0.38,3
Aug-2005,2005,August,Nigeria,Rivers,South South,167126,583,34.01,Rainy,0.35,3
Aug-2005,2005,August,Nigeria,Enugu,South East,118003,499,38.28,Rainy,0.42,3
Sep-2005,2005,September,Nigeria,Kano,North West,640100,2742,64.26,Rainy,0.43,3
Sep-2005,2005,September,Nigeria,Kaduna,North West,407179,1926,68.6,Rainy,0.47,3
Sep-2005,2005,September,Nigeria,Borno,North East,178451,631,44.43,Rainy,0.35,3
Sep-2005,2005,September,Nigeria,Kwara,North Central,34259,123,14.68,Rainy,0.36,3
Sep-2005,2005,September,Nigeria,Lagos,South West,369992,825,36.95,Rainy,0.22,3
Sep-2005,2005,September,Nigeria,Ogun,South West,159256,507,37.99,Rainy,0.32,3
Sep-2005,2005,September,Nigeria,Rivers,South South,211357,793,43.01,Rainy,0.38,3
Sep-2005,2005,September,Nigeria,Enugu,South East,135633,416,44,Rainy,0.31,3
Oct-2005,2005,October,Nigeria,Kano,North West,724220,2605,72.7,Rainy,0.36,4
Oct-2005,2005,October,Nigeria,Kaduna,North West,366065,1611,61.67,Rainy,0.44,4
Oct-2005,2005,October,Nigeria,Borno,North East,152652,852,38.01,Rainy,0.56,4
Oct-2005,2005,October,Nigeria,Kwara,North Central,32733,119,14.03,Rainy,0.36,4
Oct-2005,2005,October,Nigeria,Lagos,South West,339152,1157,33.87,Rainy,0.34,4
Oct-2005,2005,October,Nigeria,Ogun,South West,149786,473,35.73,Rainy,0.32,4
Oct-2005,2005,October,Nigeria,Rivers,South South,184469,624,37.54,Rainy,0.34,4
Oct-2005,2005,October,Nigeria,Enugu,South East,117151,384,38.01,Rainy,0.33,4
Nov-2005,2005,November,Nigeria,Kano,North West,455930,2147,45.77,Dry,0.47,4
Nov-2005,2005,November,Nigeria,Kaduna,North West,273524,937,46.08,Dry,0.34,4
Nov-2005,2005,November,Nigeria,Borno,North East,136251,798,33.92,Dry,0.59,4
Nov-2005,2005,November,Nigeria,Kwara,North Central,21390,95,9.17,Dry,0.44,4
Nov-2005,2005,November,Nigeria,Lagos,South West,256758,754,25.64,Dry,0.29,4
Nov-2005,2005,November,Nigeria,Ogun,South West,105264,397,25.11,Dry,0.38,4
Nov-2005,2005,November,Nigeria,Rivers,South South,134013,422,27.27,Dry,0.31,4
Nov-2005,2005,November,Nigeria,Enugu,South East,96388,439,31.27,Dry,0.46,4
Dec-2005,2005,December,Nigeria,Kano,North West,420219,1921,42.18,Dry,0.46,4
Dec-2005,2005,December,Nigeria,Kaduna,North West,241850,1165,40.74,Dry,0.48,4
Dec-2005,2005,December,Nigeria,Borno,North East,118547,705,29.52,Dry,0.59,4
Dec-2005,2005,December,Nigeria,Kwara,North Central,18435,58,7.9,Dry,0.31,4
Dec-2005,2005,December,Nigeria,Lagos,South West,223397,555,22.31,Dry,0.25,4
Dec-2005,2005,December,Nigeria,Ogun,South West,90591,304,21.61,Dry,0.34,4
Dec-2005,2005,December,Nigeria,Rivers,South South,120767,492,24.58,Dry,0.41,4
Dec-2005,2005,December,Nigeria,Enugu,South East,77343,358,25.09,Dry,0.46,4
Jan-2006,2006,January,Nigeria,Kano,North West,332232,1318,32.5,Dry,0.40,1
Jan-2006,2006,January,Nigeria,Kaduna,North West,187792,1035,30.87,Dry,0.55,1
Jan-2006,2006,January,Nigeria,Borno,North East,83183,413,20.21,Dry,0.50,1
Jan-2006,2006,January,Nigeria,Kwara,North Central,14269,47,5.97,Dry,0.33,1
Jan-2006,2006,January,Nigeria,Lagos,South West,140560,466,13.79,Dry,0.33,1
Jan-2006,2006,January,Nigeria,Ogun,South West,75354,287,17.53,Dry,0.38,1
Jan-2006,2006,January,Nigeria,Rivers,South South,90841,318,18.04,Dry,0.35,1
Jan-2006,2006,January,Nigeria,Enugu,South East,59923,233,18.97,Dry,0.39,1
Feb-2006,2006,February,Nigeria,Kano,North West,361486,1545,35.36,Dry,0.43,1
Feb-2006,2006,February,Nigeria,Kaduna,North West,202159,978,33.23,Dry,0.48,1
Feb-2006,2006,February,Nigeria,Borno,North East,80832,392,19.63,Dry,0.48,1
Feb-2006,2006,February,Nigeria,Kwara,North Central,14774,48,6.18,Dry,0.32,1
Feb-2006,2006,February,Nigeria,Lagos,South West,176645,421,17.34,Dry,0.24,1
Feb-2006,2006,February,Nigeria,Ogun,South West,71408,261,16.62,Dry,0.37,1
Feb-2006,2006,February,Nigeria,Rivers,South South,88832,315,17.64,Dry,0.35,1
Feb-2006,2006,February,Nigeria,Enugu,South East,57438,216,18.18,Dry,0.38,1
Mar-2006,2006,March,Nigeria,Kano,North West,395496,1713,38.69,Dry,0.43,1
Mar-2006,2006,March,Nigeria,Kaduna,North West,228252,924,37.51,Dry,0.40,1
Mar-2006,2006,March,Nigeria,Borno,North East,108241,476,26.29,Dry,0.44,1
Mar-2006,2006,March,Nigeria,Kwara,North Central,17029,74,7.12,Dry,0.43,1
Mar-2006,2006,March,Nigeria,Lagos,South West,195049,551,19.14,Dry,0.28,1
Mar-2006,2006,March,Nigeria,Ogun,South West,77321,278,17.99,Dry,0.36,1
Mar-2006,2006,March,Nigeria,Rivers,South South,110767,462,21.99,Dry,0.42,1
Mar-2006,2006,March,Nigeria,Enugu,South East,66832,240,21.15,Dry,0.36,1
Apr-2006,2006,April,Nigeria,Kano,North West,326240,1434,31.91,Rainy,0.44,2
Apr-2006,2006,April,Nigeria,Kaduna,North West,202535,888,33.29,Rainy,0.44,2
Apr-2006,2006,April,Nigeria,Borno,North East,101541,593,24.66,Rainy,0.58,2
Apr-2006,2006,April,Nigeria,Kwara,North Central,16265,69,6.8,Rainy,0.42,2
Apr-2006,2006,April,Nigeria,Lagos,South West,181581,377,17.82,Rainy,0.21,2
Apr-2006,2006,April,Nigeria,Ogun,South West,73937,272,17.21,Rainy,0.37,2
Apr-2006,2006,April,Nigeria,Rivers,South South,97375,378,19.33,Rainy,0.39,2
Apr-2006,2006,April,Nigeria,Enugu,South East,67157,224,21.26,Rainy,0.33,2
May-2006,2006,May,Nigeria,Kano,North West,389693,1434,38.12,Rainy,0.37,2
May-2006,2006,May,Nigeria,Kaduna,North West,213716,859,35.13,Rainy,0.40,2
May-2006,2006,May,Nigeria,Borno,North East,99236,488,24.1,Rainy,0.49,2
May-2006,2006,May,Nigeria,Kwara,North Central,16615,55,6.95,Rainy,0.33,2
May-2006,2006,May,Nigeria,Lagos,South West,189724,423,18.62,Rainy,0.22,2
May-2006,2006,May,Nigeria,Ogun,South West,82596,249,19.22,Rainy,0.30,2
May-2006,2006,May,Nigeria,Rivers,South South,91649,349,18.2,Rainy,0.38,2
May-2006,2006,May,Nigeria,Enugu,South East,69649,200,22.05,Rainy,0.29,2
Jun-2006,2006,June,Nigeria,Kano,North West,441378,2126,43.18,Rainy,0.48,2
Jun-2006,2006,June,Nigeria,Kaduna,North West,241665,1057,39.72,Rainy,0.44,2
Jun-2006,2006,June,Nigeria,Borno,North East,115031,428,27.94,Rainy,0.37,2
Jun-2006,2006,June,Nigeria,Kwara,North Central,22735,69,9.5,Rainy,0.30,2
Jun-2006,2006,June,Nigeria,Lagos,South West,217032,497,21.3,Rainy,0.23,2
Jun-2006,2006,June,Nigeria,Ogun,South West,104317,261,24.27,Rainy,0.25,2
Jun-2006,2006,June,Nigeria,Rivers,South South,136534,425,27.11,Rainy,0.31,2
Jun-2006,2006,June,Nigeria,Enugu,South East,83872,269,26.55,Rainy,0.32,2
Jul-2006,2006,July,Nigeria,Kano,North West,529703,2360,51.82,Rainy,0.45,3
Jul-2006,2006,July,Nigeria,Kaduna,North West,305365,1423,50.19,Rainy,0.47,3
Jul-2006,2006,July,Nigeria,Borno,North East,165667,851,40.24,Rainy,0.51,3
Jul-2006,2006,July,Nigeria,Kwara,North Central,29539,86,12.35,Rainy,0.29,3
Jul-2006,2006,July,Nigeria,Lagos,South West,294953,841,28.95,Rainy,0.29,3
Jul-2006,2006,July,Nigeria,Ogun,South West,149414,571,34.77,Rainy,0.38,3
Jul-2006,2006,July,Nigeria,Rivers,South South,165041,466,32.77,Rainy,0.28,3
Jul-2006,2006,July,Nigeria,Enugu,South East,109960,361,34.8,Rainy,0.33,3
Aug-2006,2006,August,Nigeria,Kano,North West,569553,1803,55.72,Rainy,0.32,3
Aug-2006,2006,August,Nigeria,Kaduna,North West,293636,1405,48.26,Rainy,0.48,3
Aug-2006,2006,August,Nigeria,Borno,North East,135249,774,32.85,Rainy,0.57,3
Aug-2006,2006,August,Nigeria,Kwara,North Central,28996,105,12.12,Rainy,0.36,3
Aug-2006,2006,August,Nigeria,Lagos,South West,288300,768,28.29,Rainy,0.27,3
Aug-2006,2006,August,Nigeria,Ogun,South West,135923,435,31.63,Rainy,0.32,3
Aug-2006,2006,August,Nigeria,Rivers,South South,188842,655,37.49,Rainy,0.35,3
Aug-2006,2006,August,Nigeria,Enugu,South East,107702,356,34.09,Rainy,0.33,3
Sep-2006,2006,September,Nigeria,Kano,North West,635538,2051,62.17,Rainy,0.32,3
Sep-2006,2006,September,Nigeria,Kaduna,North West,384788,1884,63.24,Rainy,0.49,3
Sep-2006,2006,September,Nigeria,Borno,North East,171505,661,41.66,Rainy,0.39,3
Sep-2006,2006,September,Nigeria,Kwara,North Central,29240,78,12.22,Rainy,0.27,3
Sep-2006,2006,September,Nigeria,Lagos,South West,362209,1109,35.55,Rainy,0.31,3
Sep-2006,2006,September,Nigeria,Ogun,South West,175664,569,40.88,Rainy,0.32,3
Sep-2006,2006,September,Nigeria,Rivers,South South,198710,711,39.45,Rainy,0.36,3
Sep-2006,2006,September,Nigeria,Enugu,South East,129391,555,40.96,Rainy,0.43,3
Oct-2006,2006,October,Nigeria,Kano,North West,668370,3284,65.38,Rainy,0.49,4
Oct-2006,2006,October,Nigeria,Kaduna,North West,345458,1551,56.78,Rainy,0.45,4
Oct-2006,2006,October,Nigeria,Borno,North East,178993,937,43.48,Rainy,0.52,4
Oct-2006,2006,October,Nigeria,Kwara,North Central,29015,86,12.13,Rainy,0.30,4
Oct-2006,2006,October,Nigeria,Lagos,South West,340366,890,33.4,Rainy,0.26,4
Oct-2006,2006,October,Nigeria,Ogun,South West,148655,700,34.59,Rainy,0.47,4
Oct-2006,2006,October,Nigeria,Rivers,South South,190880,645,37.9,Rainy,0.34,4
Oct-2006,2006,October,Nigeria,Enugu,South East,133037,594,42.11,Rainy,0.45,4
Nov-2006,2006,November,Nigeria,Kano,North West,524773,2295,51.33,Dry,0.44,4
Nov-2006,2006,November,Nigeria,Kaduna,North West,345759,1591,56.83,Dry,0.46,4
Nov-2006,2006,November,Nigeria,Borno,North East,130965,557,31.81,Dry,0.43,4
Nov-2006,2006,November,Nigeria,Kwara,North Central,27794,99,11.62,Dry,0.36,4
Nov-2006,2006,November,Nigeria,Lagos,South West,279656,745,27.45,Dry,0.27,4
Nov-2006,2006,November,Nigeria,Ogun,South West,110970,390,25.82,Dry,0.35,4
Nov-2006,2006,November,Nigeria,Rivers,South South,163296,592,32.42,Dry,0.36,4
Nov-2006,2006,November,Nigeria,Enugu,South East,93060,362,29.46,Dry,0.39,4
Dec-2006,2006,December,Nigeria,Kano,North West,467296,1542,45.71,Dry,0.33,4
Dec-2006,2006,December,Nigeria,Kaduna,North West,270493,1022,44.46,Dry,0.38,4
Dec-2006,2006,December,Nigeria,Borno,North East,134474,685,32.66,Dry,0.51,4
Dec-2006,2006,December,Nigeria,Kwara,North Central,24317,69,10.17,Dry,0.28,4
Dec-2006,2006,December,Nigeria,Lagos,South West,262313,637,25.74,Dry,0.24,4
Dec-2006,2006,December,Nigeria,Ogun,South West,115808,376,26.95,Dry,0.32,4
Dec-2006,2006,December,Nigeria,Rivers,South South,145284,505,28.85,Dry,0.35,4
Dec-2006,2006,December,Nigeria,Enugu,South East,84639,321,26.79,Dry,0.38,4
Jan-2007,2007,January,Nigeria,Kano,North West,321782,1541,30.67,Dry,0.48,1
Jan-2007,2007,January,Nigeria,Kaduna,North West,187882,996,30.13,Dry,0.53,1
Jan-2007,2007,January,Nigeria,Borno,North East,76561,321,18.14,Dry,0.42,1
Jan-2007,2007,January,Nigeria,Kwara,North Central,14220,42,5.8,Dry,0.30,1
Jan-2007,2007,January,Nigeria,Lagos,South West,167643,388,16.17,Dry,0.23,1
Jan-2007,2007,January,Nigeria,Ogun,South West,76802,393,17.44,Dry,0.51,1
Jan-2007,2007,January,Nigeria,Rivers,South South,105553,323,20.45,Dry,0.31,1
Jan-2007,2007,January,Nigeria,Enugu,South East,61344,209,18.94,Dry,0.34,1
Feb-2007,2007,February,Nigeria,Kano,North West,378897,2006,36.12,Dry,0.53,1
Feb-2007,2007,February,Nigeria,Kaduna,North West,265542,930,42.58,Dry,0.35,1
Feb-2007,2007,February,Nigeria,Borno,North East,107574,577,25.49,Dry,0.54,1
Feb-2007,2007,February,Nigeria,Kwara,North Central,16833,60,6.87,Dry,0.36,1
Feb-2007,2007,February,Nigeria,Lagos,South West,205805,553,19.85,Dry,0.27,1
Feb-2007,2007,February,Nigeria,Ogun,South West,89911,276,20.41,Dry,0.31,1
Feb-2007,2007,February,Nigeria,Rivers,South South,110940,434,21.49,Dry,0.39,1
Feb-2007,2007,February,Nigeria,Enugu,South East,72755,252,22.47,Dry,0.35,1
Mar-2007,2007,March,Nigeria,Kano,North West,389861,1505,37.16,Dry,0.39,1
Mar-2007,2007,March,Nigeria,Kaduna,North West,246302,899,39.49,Dry,0.36,1
Mar-2007,2007,March,Nigeria,Borno,North East,102210,429,24.22,Dry,0.42,1
Mar-2007,2007,March,Nigeria,Kwara,North Central,16975,72,6.92,Dry,0.42,1
Mar-2007,2007,March,Nigeria,Lagos,South West,187652,438,18.1,Dry,0.23,1
Mar-2007,2007,March,Nigeria,Ogun,South West,77409,298,17.57,Dry,0.38,1
Mar-2007,2007,March,Nigeria,Rivers,South South,111278,419,21.56,Dry,0.38,1
Mar-2007,2007,March,Nigeria,Enugu,South East,68313,209,21.1,Dry,0.31,1
Apr-2007,2007,April,Nigeria,Kano,North West,345683,1323,32.95,Rainy,0.38,2
Apr-2007,2007,April,Nigeria,Kaduna,North West,198785,762,31.87,Rainy,0.38,2
Apr-2007,2007,April,Nigeria,Borno,North East,102045,678,24.18,Rainy,0.66,2
Apr-2007,2007,April,Nigeria,Kwara,North Central,18575,67,7.58,Rainy,0.36,2
Apr-2007,2007,April,Nigeria,Lagos,South West,198827,465,19.17,Rainy,0.23,2
Apr-2007,2007,April,Nigeria,Ogun,South West,80313,291,18.23,Rainy,0.36,2
Apr-2007,2007,April,Nigeria,Rivers,South South,102350,323,19.83,Rainy,0.32,2
Apr-2007,2007,April,Nigeria,Enugu,South East,81535,321,25.18,Rainy,0.39,2
May-2007,2007,May,Nigeria,Kano,North West,347666,1344,33.14,Rainy,0.39,2
May-2007,2007,May,Nigeria,Kaduna,North West,222031,781,35.6,Rainy,0.35,2
May-2007,2007,May,Nigeria,Borno,North East,101488,429,24.05,Rainy,0.42,2
May-2007,2007,May,Nigeria,Kwara,North Central,16103,65,6.57,Rainy,0.40,2
May-2007,2007,May,Nigeria,Lagos,South West,195978,408,18.9,Rainy,0.21,2
May-2007,2007,May,Nigeria,Ogun,South West,85201,306,19.34,Rainy,0.36,2
May-2007,2007,May,Nigeria,Rivers,South South,106671,300,20.66,Rainy,0.28,2
May-2007,2007,May,Nigeria,Enugu,South East,72219,201,22.3,Rainy,0.28,2
Jun-2007,2007,June,Nigeria,Kano,North West,426114,1581,40.62,Rainy,0.37,2
Jun-2007,2007,June,Nigeria,Kaduna,North West,254185,997,40.76,Rainy,0.39,2
Jun-2007,2007,June,Nigeria,Borno,North East,112573,606,26.68,Rainy,0.54,2
Jun-2007,2007,June,Nigeria,Kwara,North Central,20352,67,8.3,Rainy,0.33,2
Jun-2007,2007,June,Nigeria,Lagos,South West,208088,559,20.07,Rainy,0.27,2
Jun-2007,2007,June,Nigeria,Ogun,South West,96123,324,21.82,Rainy,0.34,2
Jun-2007,2007,June,Nigeria,Rivers,South South,114932,422,22.26,Rainy,0.37,2
Jun-2007,2007,June,Nigeria,Enugu,South East,71915,244,22.21,Rainy,0.34,2
Jul-2007,2007,July,Nigeria,Kano,North West,556363,2668,53.04,Rainy,0.48,3
Jul-2007,2007,July,Nigeria,Kaduna,North West,339192,1236,54.39,Rainy,0.36,3
Jul-2007,2007,July,Nigeria,Borno,North East,127555,748,30.23,Rainy,0.59,3
Jul-2007,2007,July,Nigeria,Kwara,North Central,23095,93,9.42,Rainy,0.40,3
Jul-2007,2007,July,Nigeria,Lagos,South West,256439,717,24.73,Rainy,0.28,3
Jul-2007,2007,July,Nigeria,Ogun,South West,114139,348,25.91,Rainy,0.30,3
Jul-2007,2007,July,Nigeria,Rivers,South South,154769,521,29.98,Rainy,0.34,3
Jul-2007,2007,July,Nigeria,Enugu,South East,98290,381,30.35,Rainy,0.39,3
Aug-2007,2007,August,Nigeria,Kano,North West,612269,2254,58.36,Rainy,0.37,3
Aug-2007,2007,August,Nigeria,Kaduna,North West,385457,1339,61.81,Rainy,0.35,3
Aug-2007,2007,August,Nigeria,Borno,North East,180680,1159,42.82,Rainy,0.64,3
Aug-2007,2007,August,Nigeria,Kwara,North Central,27299,118,11.13,Rainy,0.43,3
Aug-2007,2007,August,Nigeria,Lagos,South West,343671,645,33.14,Rainy,0.19,3
Aug-2007,2007,August,Nigeria,Ogun,South West,134568,445,30.55,Rainy,0.33,3
Aug-2007,2007,August,Nigeria,Rivers,South South,215328,918,41.71,Rainy,0.43,3
Aug-2007,2007,August,Nigeria,Enugu,South East,125825,409,38.86,Rainy,0.33,3
Sep-2007,2007,September,Nigeria,Kano,North West,797209,2552,75.99,Rainy,0.32,3
Sep-2007,2007,September,Nigeria,Kaduna,North West,447491,1756,71.75,Rainy,0.39,3
Sep-2007,2007,September,Nigeria,Borno,North East,189265,898,44.85,Rainy,0.47,3
Sep-2007,2007,September,Nigeria,Kwara,North Central,30528,107,12.45,Rainy,0.35,3
Sep-2007,2007,September,Nigeria,Lagos,South West,433563,1138,41.81,Rainy,0.26,3
Sep-2007,2007,September,Nigeria,Ogun,South West,149953,396,34.04,Rainy,0.26,3
Sep-2007,2007,September,Nigeria,Rivers,South South,208512,688,40.39,Rainy,0.33,3
Sep-2007,2007,September,Nigeria,Enugu,South East,143863,469,44.43,Rainy,0.33,3
Oct-2007,2007,October,Nigeria,Kano,North West,671569,3627,64.02,Rainy,0.54,4
Oct-2007,2007,October,Nigeria,Kaduna,North West,369842,1897,59.3,Rainy,0.51,4
Oct-2007,2007,October,Nigeria,Borno,North East,183862,966,43.57,Rainy,0.53,4
Oct-2007,2007,October,Nigeria,Kwara,North Central,32348,150,13.19,Rainy,0.46,4
Oct-2007,2007,October,Nigeria,Lagos,South West,333637,759,32.17,Rainy,0.23,4
Oct-2007,2007,October,Nigeria,Ogun,South West,149476,472,33.93,Rainy,0.32,4
Oct-2007,2007,October,Nigeria,Rivers,South South,194270,563,37.63,Rainy,0.29,4
Oct-2007,2007,October,Nigeria,Enugu,South East,132859,405,41.03,Rainy,0.30,4
Nov-2007,2007,November,Nigeria,Kano,North West,501419,2122,47.8,Dry,0.42,4
Nov-2007,2007,November,Nigeria,Kaduna,North West,277899,1326,44.56,Dry,0.48,4
Nov-2007,2007,November,Nigeria,Borno,North East,130022,845,30.81,Dry,0.65,4
Nov-2007,2007,November,Nigeria,Kwara,North Central,22171,79,9.04,Dry,0.36,4
Nov-2007,2007,November,Nigeria,Lagos,South West,233727,563,22.54,Dry,0.24,4
Nov-2007,2007,November,Nigeria,Ogun,South West,116339,372,26.41,Dry,0.32,4
Nov-2007,2007,November,Nigeria,Rivers,South South,145666,561,28.22,Dry,0.39,4
Nov-2007,2007,November,Nigeria,Enugu,South East,95685,301,29.55,Dry,0.31,4
Dec-2007,2007,December,Nigeria,Kano,North West,393739,1174,37.53,Dry,0.30,4
Dec-2007,2007,December,Nigeria,Kaduna,North West,262278,933,42.06,Dry,0.36,4
Dec-2007,2007,December,Nigeria,Borno,North East,129837,792,30.77,Dry,0.61,4
Dec-2007,2007,December,Nigeria,Kwara,North Central,20609,96,8.41,Dry,0.47,4
Dec-2007,2007,December,Nigeria,Lagos,South West,253935,592,24.49,Dry,0.23,4
Dec-2007,2007,December,Nigeria,Ogun,South West,101112,344,22.95,Dry,0.34,4
Dec-2007,2007,December,Nigeria,Rivers,South South,123144,335,23.85,Dry,0.27,4
Dec-2007,2007,December,Nigeria,Enugu,South East,84837,236,26.2,Dry,0.28,4
Jan-2008,2008,January,Nigeria,Kano,North West,324070,1129,30.1,Dry,0.35,1
Jan-2008,2008,January,Nigeria,Kaduna,North West,188118,552,29.43,Dry,0.29,1
Jan-2008,2008,January,Nigeria,Borno,North East,91072,483,21.06,Dry,0.53,1
Jan-2008,2008,January,Nigeria,Kwara,North Central,15858,54,6.31,Dry,0.34,1
Jan-2008,2008,January,Nigeria,Lagos,South West,165160,451,15.65,Dry,0.27,1
Jan-2008,2008,January,Nigeria,Ogun,South West,77157,317,17.09,Dry,0.41,1
Jan-2008,2008,January,Nigeria,Rivers,South South,91624,294,17.32,Dry,0.32,1
Jan-2008,2008,January,Nigeria,Enugu,South East,60709,232,18.29,Dry,0.38,1
Feb-2008,2008,February,Nigeria,Kano,North West,289715,1079,26.91,Dry,0.37,1
Feb-2008,2008,February,Nigeria,Kaduna,North West,181867,608,28.45,Dry,0.33,1
Feb-2008,2008,February,Nigeria,Borno,North East,83687,338,19.35,Dry,0.40,1
Feb-2008,2008,February,Nigeria,Kwara,North Central,14171,54,5.64,Dry,0.38,1
Feb-2008,2008,February,Nigeria,Lagos,South West,155538,440,14.74,Dry,0.28,1
Feb-2008,2008,February,Nigeria,Ogun,South West,69332,261,15.36,Dry,0.38,1
Feb-2008,2008,February,Nigeria,Rivers,South South,94287,284,17.82,Dry,0.30,1
Feb-2008,2008,February,Nigeria,Enugu,South East,59900,220,18.05,Dry,0.37,1
Mar-2008,2008,March,Nigeria,Kano,North West,352334,1524,32.73,Dry,0.43,1
Mar-2008,2008,March,Nigeria,Kaduna,North West,203628,885,31.86,Dry,0.43,1
Mar-2008,2008,March,Nigeria,Borno,North East,95457,533,22.07,Dry,0.56,1
Mar-2008,2008,March,Nigeria,Kwara,North Central,16718,51,6.65,Dry,0.31,1
Mar-2008,2008,March,Nigeria,Lagos,South West,168041,427,15.92,Dry,0.25,1
Mar-2008,2008,March,Nigeria,Ogun,South West,75288,264,16.68,Dry,0.35,1
Mar-2008,2008,March,Nigeria,Rivers,South South,114707,461,21.68,Dry,0.40,1
Mar-2008,2008,March,Nigeria,Enugu,South East,66699,241,20.09,Dry,0.36,1
Apr-2008,2008,April,Nigeria,Kano,North West,347206,1043,32.25,Rainy,0.30,2
Apr-2008,2008,April,Nigeria,Kaduna,North West,196029,1010,30.67,Rainy,0.52,2
Apr-2008,2008,April,Nigeria,Borno,North East,97559,411,22.56,Rainy,0.42,2
Apr-2008,2008,April,Nigeria,Kwara,North Central,15400,46,6.13,Rainy,0.30,2
Apr-2008,2008,April,Nigeria,Lagos,South West,161350,378,15.29,Rainy,0.23,2
Apr-2008,2008,April,Nigeria,Ogun,South West,72110,248,15.97,Rainy,0.34,2
Apr-2008,2008,April,Nigeria,Rivers,South South,94663,345,17.89,Rainy,0.36,2
Apr-2008,2008,April,Nigeria,Enugu,South East,66185,249,19.94,Rainy,0.38,2
May-2008,2008,May,Nigeria,Kano,North West,304234,1244,28.26,Rainy,0.41,2
May-2008,2008,May,Nigeria,Kaduna,North West,192972,773,30.19,Rainy,0.40,2
May-2008,2008,May,Nigeria,Borno,North East,99528,395,23.01,Rainy,0.40,2
May-2008,2008,May,Nigeria,Kwara,North Central,17404,72,6.93,Rainy,0.41,2
May-2008,2008,May,Nigeria,Lagos,South West,198003,512,18.76,Rainy,0.26,2
May-2008,2008,May,Nigeria,Ogun,South West,78816,217,17.46,Rainy,0.28,2
May-2008,2008,May,Nigeria,Rivers,South South,108811,366,20.56,Rainy,0.34,2
May-2008,2008,May,Nigeria,Enugu,South East,63855,176,19.24,Rainy,0.28,2
Jun-2008,2008,June,Nigeria,Kano,North West,483695,2325,44.93,Rainy,0.48,2
Jun-2008,2008,June,Nigeria,Kaduna,North West,298303,957,46.67,Rainy,0.32,2
Jun-2008,2008,June,Nigeria,Borno,North East,130446,519,30.16,Rainy,0.40,2
Jun-2008,2008,June,Nigeria,Kwara,North Central,21448,76,8.53,Rainy,0.35,2
Jun-2008,2008,June,Nigeria,Lagos,South West,239906,658,22.73,Rainy,0.27,2
Jun-2008,2008,June,Nigeria,Ogun,South West,110290,418,24.43,Rainy,0.38,2
Jun-2008,2008,June,Nigeria,Rivers,South South,139277,367,26.32,Rainy,0.26,2
Jun-2008,2008,June,Nigeria,Enugu,South East,83394,323,25.12,Rainy,0.39,2
Jul-2008,2008,July,Nigeria,Kano,North West,593546,2989,55.14,Rainy,0.50,3
Jul-2008,2008,July,Nigeria,Kaduna,North West,317924,1695,49.74,Rainy,0.53,3
Jul-2008,2008,July,Nigeria,Borno,North East,162101,787,37.48,Rainy,0.49,3
Jul-2008,2008,July,Nigeria,Kwara,North Central,23482,90,9.34,Rainy,0.38,3
Jul-2008,2008,July,Nigeria,Lagos,South West,317298,776,30.07,Rainy,0.24,3
Jul-2008,2008,July,Nigeria,Ogun,South West,131326,329,29.09,Rainy,0.25,3
Jul-2008,2008,July,Nigeria,Rivers,South South,174288,824,32.94,Rainy,0.47,3
Jul-2008,2008,July,Nigeria,Enugu,South East,108736,270,32.76,Rainy,0.25,3
Aug-2008,2008,August,Nigeria,Kano,North West,571278,2747,53.07,Rainy,0.48,3
Aug-2008,2008,August,Nigeria,Kaduna,North West,393725,1502,61.59,Rainy,0.38,3
Aug-2008,2008,August,Nigeria,Borno,North East,184820,1030,42.73,Rainy,0.56,3
Aug-2008,2008,August,Nigeria,Kwara,North Central,30528,115,12.15,Rainy,0.38,3
Aug-2008,2008,August,Nigeria,Lagos,South West,362797,821,34.38,Rainy,0.23,3
Aug-2008,2008,August,Nigeria,Ogun,South West,138077,463,30.58,Rainy,0.34,3
Aug-2008,2008,August,Nigeria,Rivers,South South,189933,524,35.89,Rainy,0.28,3
Aug-2008,2008,August,Nigeria,Enugu,South East,130742,430,39.39,Rainy,0.33,3
Sep-2008,2008,September,Nigeria,Kano,North West,748360,3220,69.52,Rainy,0.43,3
Sep-2008,2008,September,Nigeria,Kaduna,North West,441634,1689,69.09,Rainy,0.38,3
Sep-2008,2008,September,Nigeria,Borno,North East,208125,1214,48.12,Rainy,0.58,3
Sep-2008,2008,September,Nigeria,Kwara,North Central,40897,132,16.27,Rainy,0.32,3
Sep-2008,2008,September,Nigeria,Lagos,South West,427940,702,40.55,Rainy,0.16,3
Sep-2008,2008,September,Nigeria,Ogun,South West,172759,615,38.26,Rainy,0.36,3
Sep-2008,2008,September,Nigeria,Rivers,South South,229016,596,43.28,Rainy,0.26,3
Sep-2008,2008,September,Nigeria,Enugu,South East,165523,547,49.87,Rainy,0.33,3
Oct-2008,2008,October,Nigeria,Kano,North West,802994,2031,74.59,Rainy,0.25,4
Oct-2008,2008,October,Nigeria,Kaduna,North West,469897,2211,73.51,Rainy,0.47,4
Oct-2008,2008,October,Nigeria,Borno,North East,206492,1000,47.74,Rainy,0.48,4
Oct-2008,2008,October,Nigeria,Kwara,North Central,37045,120,14.74,Rainy,0.32,4
Oct-2008,2008,October,Nigeria,Lagos,South West,385920,1020,36.57,Rainy,0.26,4
Oct-2008,2008,October,Nigeria,Ogun,South West,174562,645,38.66,Rainy,0.37,4
Oct-2008,2008,October,Nigeria,Rivers,South South,219103,881,41.41,Rainy,0.40,4
Oct-2008,2008,October,Nigeria,Enugu,South East,163615,410,49.29,Rainy,0.25,4
Nov-2008,2008,November,Nigeria,Kano,North West,475091,1873,44.13,Dry,0.39,4
Nov-2008,2008,November,Nigeria,Kaduna,North West,293081,1389,45.85,Dry,0.47,4
Nov-2008,2008,November,Nigeria,Borno,North East,128047,597,29.6,Dry,0.47,4
Nov-2008,2008,November,Nigeria,Kwara,North Central,21052,83,8.38,Dry,0.39,4
Nov-2008,2008,November,Nigeria,Lagos,South West,262152,788,24.84,Dry,0.30,4
Nov-2008,2008,November,Nigeria,Ogun,South West,104330,378,23.11,Dry,0.36,4
Nov-2008,2008,November,Nigeria,Rivers,South South,131831,510,24.91,Dry,0.39,4
Nov-2008,2008,November,Nigeria,Enugu,South East,93393,299,28.14,Dry,0.32,4
Dec-2008,2008,December,Nigeria,Kano,North West,449399,1898,41.75,Dry,0.42,4
Dec-2008,2008,December,Nigeria,Kaduna,North West,268205,1366,41.96,Dry,0.51,4
Dec-2008,2008,December,Nigeria,Borno,North East,116829,498,27.01,Dry,0.43,4
Dec-2008,2008,December,Nigeria,Kwara,North Central,19205,73,7.64,Dry,0.38,4
Dec-2008,2008,December,Nigeria,Lagos,South West,215947,441,20.46,Dry,0.20,4
Dec-2008,2008,December,Nigeria,Ogun,South West,82139,170,18.19,Dry,0.21,4
Dec-2008,2008,December,Nigeria,Rivers,South South,109461,414,20.69,Dry,0.38,4
Dec-2008,2008,December,Nigeria,Enugu,South East,79521,337,23.96,Dry,0.42,4
Jan-2009,2009,January,Nigeria,Kano,North West,370369,1140,33.53,Dry,0.31,1
Jan-2009,2009,January,Nigeria,Kaduna,North West,189938,821,28.99,Dry,0.43,1
Jan-2009,2009,January,Nigeria,Borno,North East,101786,502,22.96,Dry,0.49,1
Jan-2009,2009,January,Nigeria,Kwara,North Central,15879,57,6.16,Dry,0.36,1
Jan-2009,2009,January,Nigeria,Lagos,South West,197624,504,18.4,Dry,0.26,1
Jan-2009,2009,January,Nigeria,Ogun,South West,80806,266,17.46,Dry,0.33,1
Jan-2009,2009,January,Nigeria,Rivers,South South,99327,358,18.31,Dry,0.36,1
Jan-2009,2009,January,Nigeria,Enugu,South East,69428,196,20.41,Dry,0.28,1
Feb-2009,2009,February,Nigeria,Kano,North West,366921,1358,33.21,Dry,0.37,1
Feb-2009,2009,February,Nigeria,Kaduna,North West,233161,857,35.59,Dry,0.37,1
Feb-2009,2009,February,Nigeria,Borno,North East,99086,472,22.35,Dry,0.48,1
Feb-2009,2009,February,Nigeria,Kwara,North Central,19085,67,7.41,Dry,0.35,1
Feb-2009,2009,February,Nigeria,Lagos,South West,186524,440,17.37,Dry,0.24,1
Feb-2009,2009,February,Nigeria,Ogun,South West,73360,232,15.85,Dry,0.32,1
Feb-2009,2009,February,Nigeria,Rivers,South South,102895,327,18.97,Dry,0.32,1
Feb-2009,2009,February,Nigeria,Enugu,South East,77794,261,22.87,Dry,0.34,1
Mar-2009,2009,March,Nigeria,Kano,North West,403179,1608,36.5,Dry,0.40,1
Mar-2009,2009,March,Nigeria,Kaduna,North West,241788,1034,36.9,Dry,0.43,1
Mar-2009,2009,March,Nigeria,Borno,North East,116103,627,26.19,Dry,0.54,1
Mar-2009,2009,March,Nigeria,Kwara,North Central,19654,67,7.63,Dry,0.34,1
Mar-2009,2009,March,Nigeria,Lagos,South West,208799,556,19.44,Dry,0.27,1
Mar-2009,2009,March,Nigeria,Ogun,South West,91858,294,19.85,Dry,0.32,1
Mar-2009,2009,March,Nigeria,Rivers,South South,124931,429,23.03,Dry,0.34,1
Mar-2009,2009,March,Nigeria,Enugu,South East,90635,282,26.64,Dry,0.31,1
Apr-2009,2009,April,Nigeria,Kano,North West,353377,1345,31.99,Rainy,0.38,2
Apr-2009,2009,April,Nigeria,Kaduna,North West,156281,698,23.85,Rainy,0.45,2
Apr-2009,2009,April,Nigeria,Borno,North East,79423,344,17.91,Rainy,0.43,2
Apr-2009,2009,April,Nigeria,Kwara,North Central,14111,45,5.48,Rainy,0.32,2
Apr-2009,2009,April,Nigeria,Lagos,South West,155055,340,14.44,Rainy,0.22,2
Apr-2009,2009,April,Nigeria,Ogun,South West,69466,190,15.01,Rainy,0.27,2
Apr-2009,2009,April,Nigeria,Rivers,South South,107640,284,19.85,Rainy,0.26,2
Apr-2009,2009,April,Nigeria,Enugu,South East,55064,187,16.18,Rainy,0.34,2
May-2009,2009,May,Nigeria,Kano,North West,423075,1816,38.3,Rainy,0.43,2
May-2009,2009,May,Nigeria,Kaduna,North West,225736,776,34.45,Rainy,0.34,2
May-2009,2009,May,Nigeria,Borno,North East,102158,688,23.04,Rainy,0.67,2
May-2009,2009,May,Nigeria,Kwara,North Central,19050,73,7.4,Rainy,0.38,2
May-2009,2009,May,Nigeria,Lagos,South West,189989,415,17.69,Rainy,0.22,2
May-2009,2009,May,Nigeria,Ogun,South West,90412,342,19.54,Rainy,0.38,2
May-2009,2009,May,Nigeria,Rivers,South South,112134,380,20.67,Rainy,0.34,2
May-2009,2009,May,Nigeria,Enugu,South East,88784,369,26.1,Rainy,0.42,2
Jun-2009,2009,June,Nigeria,Kano,North West,429105,1770,38.84,Rainy,0.41,2
Jun-2009,2009,June,Nigeria,Kaduna,North West,276346,1163,42.18,Rainy,0.42,2
Jun-2009,2009,June,Nigeria,Borno,North East,103858,584,23.43,Rainy,0.56,2
Jun-2009,2009,June,Nigeria,Kwara,North Central,19374,78,7.52,Rainy,0.40,2
Jun-2009,2009,June,Nigeria,Lagos,South West,220886,663,20.57,Rainy,0.30,2
Jun-2009,2009,June,Nigeria,Ogun,South West,104078,428,22.49,Rainy,0.41,2
Jun-2009,2009,June,Nigeria,Rivers,South South,127319,521,23.47,Rainy,0.41,2
Jun-2009,2009,June,Nigeria,Enugu,South East,85262,252,25.06,Rainy,0.30,2
Jul-2009,2009,July,Nigeria,Kano,North West,509248,2404,46.1,Rainy,0.47,3
Jul-2009,2009,July,Nigeria,Kaduna,North West,317418,1373,48.45,Rainy,0.43,3
Jul-2009,2009,July,Nigeria,Borno,North East,151740,829,34.23,Rainy,0.55,3
Jul-2009,2009,July,Nigeria,Kwara,North Central,23762,75,9.22,Rainy,0.32,3
Jul-2009,2009,July,Nigeria,Lagos,South West,300103,754,27.94,Rainy,0.25,3
Jul-2009,2009,July,Nigeria,Ogun,South West,128935,547,27.86,Rainy,0.42,3
Jul-2009,2009,July,Nigeria,Rivers,South South,161952,661,29.86,Rainy,0.41,3
Jul-2009,2009,July,Nigeria,Enugu,South East,102887,370,30.24,Rainy,0.36,3
Aug-2009,2009,August,Nigeria,Kano,North West,599438,1931,54.26,Rainy,0.32,3
Aug-2009,2009,August,Nigeria,Kaduna,North West,363863,919,55.53,Rainy,0.25,3
Aug-2009,2009,August,Nigeria,Borno,North East,178836,984,40.34,Rainy,0.55,3
Aug-2009,2009,August,Nigeria,Kwara,North Central,27487,94,10.67,Rainy,0.34,3
Aug-2009,2009,August,Nigeria,Lagos,South West,354197,823,32.98,Rainy,0.23,3
Aug-2009,2009,August,Nigeria,Ogun,South West,122844,331,26.54,Rainy,0.27,3
Aug-2009,2009,August,Nigeria,Rivers,South South,192706,631,35.53,Rainy,0.33,3
Aug-2009,2009,August,Nigeria,Enugu,South East,110699,339,32.54,Rainy,0.31,3
Sep-2009,2009,September,Nigeria,Kano,North West,727303,2360,65.84,Rainy,0.32,3
Sep-2009,2009,September,Nigeria,Kaduna,North West,390014,1607,59.52,Rainy,0.41,3
Sep-2009,2009,September,Nigeria,Borno,North East,177823,731,40.11,Rainy,0.41,3
Sep-2009,2009,September,Nigeria,Kwara,North Central,36470,130,14.16,Rainy,0.36,3
Sep-2009,2009,September,Nigeria,Lagos,South West,356008,814,33.15,Rainy,0.23,3
Sep-2009,2009,September,Nigeria,Ogun,South West,168369,531,36.38,Rainy,0.32,3
Sep-2009,2009,September,Nigeria,Rivers,South South,221915,664,40.91,Rainy,0.30,3
Sep-2009,2009,September,Nigeria,Enugu,South East,141702,381,41.65,Rainy,0.27,3
Oct-2009,2009,October,Nigeria,Kano,North West,810670,3563,73.38,Rainy,0.44,4
Oct-2009,2009,October,Nigeria,Kaduna,North West,462846,1988,70.64,Rainy,0.43,4
Oct-2009,2009,October,Nigeria,Borno,North East,191006,1000,43.08,Rainy,0.52,4
Oct-2009,2009,October,Nigeria,Kwara,North Central,30758,89,11.94,Rainy,0.29,4
Oct-2009,2009,October,Nigeria,Lagos,South West,369979,1008,34.45,Rainy,0.27,4
Oct-2009,2009,October,Nigeria,Ogun,South West,167707,597,36.24,Rainy,0.36,4
Oct-2009,2009,October,Nigeria,Rivers,South South,186623,656,34.41,Rainy,0.35,4
Oct-2009,2009,October,Nigeria,Enugu,South East,156580,567,46.02,Rainy,0.36,4
Nov-2009,2009,November,Nigeria,Kano,North West,529494,1866,47.93,Dry,0.35,4
Nov-2009,2009,November,Nigeria,Kaduna,North West,260270,1059,39.72,Dry,0.41,4
Nov-2009,2009,November,Nigeria,Borno,North East,132319,769,29.85,Dry,0.58,4
Nov-2009,2009,November,Nigeria,Kwara,North Central,21219,62,8.24,Dry,0.29,4
Nov-2009,2009,November,Nigeria,Lagos,South West,245391,655,22.85,Dry,0.27,4
Nov-2009,2009,November,Nigeria,Ogun,South West,108886,334,23.53,Dry,0.31,4
Nov-2009,2009,November,Nigeria,Rivers,South South,142594,453,26.29,Dry,0.32,4
Nov-2009,2009,November,Nigeria,Enugu,South East,98357,282,28.91,Dry,0.29,4
Dec-2009,2009,December,Nigeria,Kano,North West,469883,1815,42.53,Dry,0.39,4
Dec-2009,2009,December,Nigeria,Kaduna,North West,260652,1064,39.78,Dry,0.41,4
Dec-2009,2009,December,Nigeria,Borno,North East,143462,760,32.36,Dry,0.53,4
Dec-2009,2009,December,Nigeria,Kwara,North Central,20656,83,8.02,Dry,0.40,4
Dec-2009,2009,December,Nigeria,Lagos,South West,218129,569,20.31,Dry,0.26,4
Dec-2009,2009,December,Nigeria,Ogun,South West,96037,442,20.75,Dry,0.46,4
Dec-2009,2009,December,Nigeria,Rivers,South South,126753,332,23.37,Dry,0.26,4
Dec-2009,2009,December,Nigeria,Enugu,South East,93470,425,27.47,Dry,0.45,4
Jan-2010,2010,January,Nigeria,Kano,North West,393293,1485,34.69,Dry,0.38,1
Jan-2010,2010,January,Nigeria,Kaduna,North West,226292,984,33.69,Dry,0.43,1
Jan-2010,2010,January,Nigeria,Borno,North East,92449,365,20.34,Dry,0.39,1
Jan-2010,2010,January,Nigeria,Kwara,North Central,15296,43,5.79,Dry,0.28,1
Jan-2010,2010,January,Nigeria,Lagos,South West,203914,397,18.66,Dry,0.19,1
Jan-2010,2010,January,Nigeria,Ogun,South West,79193,252,16.69,Dry,0.32,1
Jan-2010,2010,January,Nigeria,Rivers,South South,102534,372,18.44,Dry,0.36,1
Jan-2010,2010,January,Nigeria,Enugu,South East,68146,197,19.54,Dry,0.29,1
Feb-2010,2010,February,Nigeria,Kano,North West,409102,2000,36.09,Dry,0.49,1
Feb-2010,2010,February,Nigeria,Kaduna,North West,234052,790,34.85,Dry,0.34,1
Feb-2010,2010,February,Nigeria,Borno,North East,100857,475,22.19,Dry,0.47,1
Feb-2010,2010,February,Nigeria,Kwara,North Central,19252,60,7.29,Dry,0.31,1
Feb-2010,2010,February,Nigeria,Lagos,South West,204328,528,18.69,Dry,0.26,1
Feb-2010,2010,February,Nigeria,Ogun,South West,87596,291,18.47,Dry,0.33,1
Feb-2010,2010,February,Nigeria,Rivers,South South,120124,371,21.61,Dry,0.31,1
Feb-2010,2010,February,Nigeria,Enugu,South East,74572,211,21.38,Dry,0.28,1
Mar-2010,2010,March,Nigeria,Kano,North West,401821,1552,35.44,Dry,0.39,1
Mar-2010,2010,March,Nigeria,Kaduna,North West,243441,918,36.25,Dry,0.38,1
Mar-2010,2010,March,Nigeria,Borno,North East,110931,448,24.41,Dry,0.40,1
Mar-2010,2010,March,Nigeria,Kwara,North Central,15539,53,5.89,Dry,0.34,1
Mar-2010,2010,March,Nigeria,Lagos,South West,212416,485,19.43,Dry,0.23,1
Mar-2010,2010,March,Nigeria,Ogun,South West,86660,348,18.27,Dry,0.40,1
Mar-2010,2010,March,Nigeria,Rivers,South South,111871,467,20.12,Dry,0.42,1
Mar-2010,2010,March,Nigeria,Enugu,South East,72712,232,20.85,Dry,0.32,1
Apr-2010,2010,April,Nigeria,Kano,North West,331289,1233,29.22,Rainy,0.37,2
Apr-2010,2010,April,Nigeria,Kaduna,North West,198302,917,29.53,Rainy,0.46,2
Apr-2010,2010,April,Nigeria,Borno,North East,88836,515,19.55,Rainy,0.58,2
Apr-2010,2010,April,Nigeria,Kwara,North Central,15026,42,5.69,Rainy,0.28,2
Apr-2010,2010,April,Nigeria,Lagos,South West,162924,272,14.91,Rainy,0.17,2
Apr-2010,2010,April,Nigeria,Ogun,South West,72563,265,15.3,Rainy,0.37,2
Apr-2010,2010,April,Nigeria,Rivers,South South,99479,310,17.89,Rainy,0.31,2
Apr-2010,2010,April,Nigeria,Enugu,South East,69555,208,19.95,Rainy,0.30,2
May-2010,2010,May,Nigeria,Kano,North West,340509,1193,30.04,Rainy,0.35,2
May-2010,2010,May,Nigeria,Kaduna,North West,209159,652,31.14,Rainy,0.31,2
May-2010,2010,May,Nigeria,Borno,North East,102803,471,22.62,Rainy,0.46,2
May-2010,2010,May,Nigeria,Kwara,North Central,15311,58,5.8,Rainy,0.38,2
May-2010,2010,May,Nigeria,Lagos,South West,176213,381,16.12,Rainy,0.22,2
May-2010,2010,May,Nigeria,Ogun,South West,76825,226,16.2,Rainy,0.29,2
May-2010,2010,May,Nigeria,Rivers,South South,101422,365,18.24,Rainy,0.36,2
May-2010,2010,May,Nigeria,Enugu,South East,65605,203,18.81,Rainy,0.31,2
Jun-2010,2010,June,Nigeria,Kano,North West,444774,1354,39.23,Rainy,0.30,2
Jun-2010,2010,June,Nigeria,Kaduna,North West,240430,1022,35.8,Rainy,0.43,2
Jun-2010,2010,June,Nigeria,Borno,North East,109834,488,24.17,Rainy,0.44,2
Jun-2010,2010,June,Nigeria,Kwara,North Central,21290,78,8.06,Rainy,0.37,2
Jun-2010,2010,June,Nigeria,Lagos,South West,230645,284,21.1,Rainy,0.12,2
Jun-2010,2010,June,Nigeria,Ogun,South West,90580,269,19.1,Rainy,0.30,2
Jun-2010,2010,June,Nigeria,Rivers,South South,105957,300,19.06,Rainy,0.28,2
Jun-2010,2010,June,Nigeria,Enugu,South East,85207,319,24.43,Rainy,0.37,2
Jul-2010,2010,July,Nigeria,Kano,North West,511337,2046,45.1,Rainy,0.40,3
Jul-2010,2010,July,Nigeria,Kaduna,North West,282348,993,42.04,Rainy,0.35,3
Jul-2010,2010,July,Nigeria,Borno,North East,133143,638,29.3,Rainy,0.48,3
Jul-2010,2010,July,Nigeria,Kwara,North Central,24568,67,9.3,Rainy,0.27,3
Jul-2010,2010,July,Nigeria,Lagos,South West,272958,742,24.97,Rainy,0.27,3
Jul-2010,2010,July,Nigeria,Ogun,South West,113922,455,24.02,Rainy,0.40,3
Jul-2010,2010,July,Nigeria,Rivers,South South,152091,309,27.36,Rainy,0.20,3
Jul-2010,2010,July,Nigeria,Enugu,South East,108002,348,30.97,Rainy,0.32,3
Aug-2010,2010,August,Nigeria,Kano,North West,650703,1374,57.4,Rainy,0.21,3
Aug-2010,2010,August,Nigeria,Kaduna,North West,357522,1363,53.23,Rainy,0.38,3
Aug-2010,2010,August,Nigeria,Borno,North East,174870,818,38.48,Rainy,0.47,3
Aug-2010,2010,August,Nigeria,Kwara,North Central,28179,93,10.67,Rainy,0.33,3
Aug-2010,2010,August,Nigeria,Lagos,South West,371445,542,33.98,Rainy,0.15,3
Aug-2010,2010,August,Nigeria,Ogun,South West,124697,400,26.29,Rainy,0.32,3
Aug-2010,2010,August,Nigeria,Rivers,South South,183568,574,33.02,Rainy,0.31,3
Aug-2010,2010,August,Nigeria,Enugu,South East,114180,306,32.74,Rainy,0.27,3
Sep-2010,2010,September,Nigeria,Kano,North West,607089,2143,53.55,Rainy,0.35,3
Sep-2010,2010,September,Nigeria,Kaduna,North West,377180,1096,56.16,Rainy,0.29,3
Sep-2010,2010,September,Nigeria,Borno,North East,179198,845,39.43,Rainy,0.47,3
Sep-2010,2010,September,Nigeria,Kwara,North Central,28021,76,10.61,Rainy,0.27,3
Sep-2010,2010,September,Nigeria,Lagos,South West,345953,745,31.65,Rainy,0.22,3
Sep-2010,2010,September,Nigeria,Ogun,South West,162490,503,34.26,Rainy,0.31,3
Sep-2010,2010,September,Nigeria,Rivers,South South,209014,654,37.6,Rainy,0.31,3
Sep-2010,2010,September,Nigeria,Enugu,South East,121019,447,34.7,Rainy,0.37,3
Oct-2010,2010,October,Nigeria,Kano,North West,704775,2375,62.17,Rainy,0.34,4
Oct-2010,2010,October,Nigeria,Kaduna,North West,400622,1740,59.65,Rainy,0.43,4
Oct-2010,2010,October,Nigeria,Borno,North East,194080,796,42.71,Rainy,0.41,4
Oct-2010,2010,October,Nigeria,Kwara,North Central,31077,102,11.77,Rainy,0.33,4
Oct-2010,2010,October,Nigeria,Lagos,South West,357898,656,32.74,Rainy,0.18,4
Oct-2010,2010,October,Nigeria,Ogun,South West,169202,601,35.67,Rainy,0.36,4
Oct-2010,2010,October,Nigeria,Rivers,South South,214955,718,38.66,Rainy,0.33,4
Oct-2010,2010,October,Nigeria,Enugu,South East,146769,471,42.09,Rainy,0.32,4
Nov-2010,2010,November,Nigeria,Kano,North West,623453,2029,54.99,Dry,0.33,4
Nov-2010,2010,November,Nigeria,Kaduna,North West,318910,1248,47.49,Dry,0.39,4
Nov-2010,2010,November,Nigeria,Borno,North East,166283,834,36.59,Dry,0.50,4
Nov-2010,2010,November,Nigeria,Kwara,North Central,27222,130,10.31,Dry,0.48,4
Nov-2010,2010,November,Nigeria,Lagos,South West,313583,1006,28.69,Dry,0.32,4
Nov-2010,2010,November,Nigeria,Ogun,South West,135227,395,28.51,Dry,0.29,4
Nov-2010,2010,November,Nigeria,Rivers,South South,172192,539,30.97,Dry,0.31,4
Nov-2010,2010,November,Nigeria,Enugu,South East,103667,385,29.73,Dry,0.37,4
Dec-2010,2010,December,Nigeria,Kano,North West,388558,942,34.27,Dry,0.24,4
Dec-2010,2010,December,Nigeria,Kaduna,North West,236261,887,35.18,Dry,0.38,4
Dec-2010,2010,December,Nigeria,Borno,North East,115735,632,25.47,Dry,0.55,4
Dec-2010,2010,December,Nigeria,Kwara,North Central,18926,56,7.17,Dry,0.30,4
Dec-2010,2010,December,Nigeria,Lagos,South West,232996,521,21.32,Dry,0.22,4
Dec-2010,2010,December,Nigeria,Ogun,South West,96523,255,20.35,Dry,0.26,4
Dec-2010,2010,December,Nigeria,Rivers,South South,118543,436,21.32,Dry,0.37,4
Dec-2010,2010,December,Nigeria,Enugu,South East,77972,238,22.36,Dry,0.31,4
Jan-2011,2011,January,Nigeria,Kano,North West,311798,986,26.8,Dry,0.32,1
Jan-2011,2011,January,Nigeria,Kaduna,North West,174202,585,25.31,Dry,0.34,1
Jan-2011,2011,January,Nigeria,Borno,North East,86205,347,18.51,Dry,0.40,1
Jan-2011,2011,January,Nigeria,Kwara,North Central,14089,44,5.21,Dry,0.31,1
Jan-2011,2011,January,Nigeria,Lagos,South West,152585,394,13.72,Dry,0.26,1
Jan-2011,2011,January,Nigeria,Ogun,South West,63148,250,12.99,Dry,0.40,1
Jan-2011,2011,January,Nigeria,Rivers,South South,103686,358,18.2,Dry,0.35,1
Jan-2011,2011,January,Nigeria,Enugu,South East,57185,166,16,Dry,0.29,1
Feb-2011,2011,February,Nigeria,Kano,North West,323759,1068,27.83,Dry,0.33,1
Feb-2011,2011,February,Nigeria,Kaduna,North West,199319,855,28.95,Dry,0.43,1
Feb-2011,2011,February,Nigeria,Borno,North East,76279,301,16.38,Dry,0.39,1
Feb-2011,2011,February,Nigeria,Kwara,North Central,14300,46,5.28,Dry,0.32,1
Feb-2011,2011,February,Nigeria,Lagos,South West,167438,377,15.05,Dry,0.23,1
Feb-2011,2011,February,Nigeria,Ogun,South West,72261,197,14.86,Dry,0.27,1
Feb-2011,2011,February,Nigeria,Rivers,South South,98693,273,17.32,Dry,0.28,1
Feb-2011,2011,February,Nigeria,Enugu,South East,58215,209,16.29,Dry,0.36,1
Mar-2011,2011,March,Nigeria,Kano,North West,355990,1217,30.6,Dry,0.34,1
Mar-2011,2011,March,Nigeria,Kaduna,North West,204892,881,29.76,Dry,0.43,1
Mar-2011,2011,March,Nigeria,Borno,North East,99454,432,21.35,Dry,0.43,1
Mar-2011,2011,March,Nigeria,Kwara,North Central,16760,39,6.19,Dry,0.23,1
Mar-2011,2011,March,Nigeria,Lagos,South West,170376,426,15.32,Dry,0.25,1
Mar-2011,2011,March,Nigeria,Ogun,South West,80811,190,16.62,Dry,0.24,1
Mar-2011,2011,March,Nigeria,Rivers,South South,121253,386,21.28,Dry,0.32,1
Mar-2011,2011,March,Nigeria,Enugu,South East,69661,205,19.49,Dry,0.29,1
Apr-2011,2011,April,Nigeria,Kano,North West,321482,1331,27.63,Rainy,0.41,2
Apr-2011,2011,April,Nigeria,Kaduna,North West,172035,497,24.99,Rainy,0.29,2
Apr-2011,2011,April,Nigeria,Borno,North East,73385,313,15.76,Rainy,0.43,2
Apr-2011,2011,April,Nigeria,Kwara,North Central,13857,43,5.12,Rainy,0.31,2
Apr-2011,2011,April,Nigeria,Lagos,South West,141175,293,12.69,Rainy,0.21,2
Apr-2011,2011,April,Nigeria,Ogun,South West,67943,217,13.97,Rainy,0.32,2
Apr-2011,2011,April,Nigeria,Rivers,South South,81531,271,14.31,Rainy,0.33,2
Apr-2011,2011,April,Nigeria,Enugu,South East,60277,199,16.86,Rainy,0.33,2
May-2011,2011,May,Nigeria,Kano,North West,366103,1305,31.47,Rainy,0.36,2
May-2011,2011,May,Nigeria,Kaduna,North West,204596,844,29.72,Rainy,0.41,2
May-2011,2011,May,Nigeria,Borno,North East,90065,380,19.34,Rainy,0.42,2
May-2011,2011,May,Nigeria,Kwara,North Central,15835,61,5.85,Rainy,0.39,2
May-2011,2011,May,Nigeria,Lagos,South West,172122,457,15.47,Rainy,0.27,2
May-2011,2011,May,Nigeria,Ogun,South West,74780,233,15.38,Rainy,0.31,2
May-2011,2011,May,Nigeria,Rivers,South South,115658,408,20.3,Rainy,0.35,2
May-2011,2011,May,Nigeria,Enugu,South East,76189,232,21.31,Rainy,0.30,2
Jun-2011,2011,June,Nigeria,Kano,North West,432587,1910,37.18,Rainy,0.44,2
Jun-2011,2011,June,Nigeria,Kaduna,North West,297247,1305,43.18,Rainy,0.44,2
Jun-2011,2011,June,Nigeria,Borno,North East,119918,507,25.75,Rainy,0.42,2
Jun-2011,2011,June,Nigeria,Kwara,North Central,20165,58,7.45,Rainy,0.29,2
Jun-2011,2011,June,Nigeria,Lagos,South West,208860,502,18.78,Rainy,0.24,2
Jun-2011,2011,June,Nigeria,Ogun,South West,89712,239,18.45,Rainy,0.27,2
Jun-2011,2011,June,Nigeria,Rivers,South South,126667,359,22.23,Rainy,0.28,2
Jun-2011,2011,June,Nigeria,Enugu,South East,85143,266,23.82,Rainy,0.31,2
Jul-2011,2011,July,Nigeria,Kano,North West,554310,1681,47.65,Rainy,0.30,3
Jul-2011,2011,July,Nigeria,Kaduna,North West,334231,1237,48.55,Rainy,0.37,3
Jul-2011,2011,July,Nigeria,Borno,North East,133730,640,28.71,Rainy,0.48,3
Jul-2011,2011,July,Nigeria,Kwara,North Central,23905,82,8.83,Rainy,0.34,3
Jul-2011,2011,July,Nigeria,Lagos,South West,283729,760,25.51,Rainy,0.27,3
Jul-2011,2011,July,Nigeria,Ogun,South West,129407,415,26.62,Rainy,0.32,3
Jul-2011,2011,July,Nigeria,Rivers,South South,162729,629,28.56,Rainy,0.39,3
Jul-2011,2011,July,Nigeria,Enugu,South East,100219,316,28.04,Rainy,0.32,3
Aug-2011,2011,August,Nigeria,Kano,North West,543972,1976,46.76,Rainy,0.36,3
Aug-2011,2011,August,Nigeria,Kaduna,North West,336023,1207,48.81,Rainy,0.36,3
Aug-2011,2011,August,Nigeria,Borno,North East,163944,794,35.2,Rainy,0.48,3
Aug-2011,2011,August,Nigeria,Kwara,North Central,27867,109,10.3,Rainy,0.39,3
Aug-2011,2011,August,Nigeria,Lagos,South West,304466,609,27.37,Rainy,0.20,3
Aug-2011,2011,August,Nigeria,Ogun,South West,119660,360,24.61,Rainy,0.30,3
Aug-2011,2011,August,Nigeria,Rivers,South South,168983,449,29.65,Rainy,0.27,3
Aug-2011,2011,August,Nigeria,Enugu,South East,111498,357,31.19,Rainy,0.32,3
Sep-2011,2011,September,Nigeria,Kano,North West,662732,1998,56.97,Rainy,0.30,3
Sep-2011,2011,September,Nigeria,Kaduna,North West,367805,1712,53.43,Rainy,0.47,3
Sep-2011,2011,September,Nigeria,Borno,North East,147695,694,31.71,Rainy,0.47,3
Sep-2011,2011,September,Nigeria,Kwara,North Central,29802,114,11.01,Rainy,0.38,3
Sep-2011,2011,September,Nigeria,Lagos,South West,326890,703,29.39,Rainy,0.22,3
Sep-2011,2011,September,Nigeria,Ogun,South West,134530,417,27.67,Rainy,0.31,3
Sep-2011,2011,September,Nigeria,Rivers,South South,172707,386,30.31,Rainy,0.22,3
Sep-2011,2011,September,Nigeria,Enugu,South East,104626,297,29.27,Rainy,0.28,3
Oct-2011,2011,October,Nigeria,Kano,North West,574398,1768,49.37,Rainy,0.31,4
Oct-2011,2011,October,Nigeria,Kaduna,North West,353485,1179,51.35,Rainy,0.33,4
Oct-2011,2011,October,Nigeria,Borno,North East,155326,630,33.35,Rainy,0.41,4
Oct-2011,2011,October,Nigeria,Kwara,North Central,28466,132,10.52,Rainy,0.46,4
Oct-2011,2011,October,Nigeria,Lagos,South West,295878,757,26.6,Rainy,0.26,4
Oct-2011,2011,October,Nigeria,Ogun,South West,115700,227,23.8,Rainy,0.20,4
Oct-2011,2011,October,Nigeria,Rivers,South South,174657,688,30.65,Rainy,0.39,4
Oct-2011,2011,October,Nigeria,Enugu,South East,114038,385,31.9,Rainy,0.34,4
Nov-2011,2011,November,Nigeria,Kano,North West,538825,1773,46.32,Dry,0.33,4
Nov-2011,2011,November,Nigeria,Kaduna,North West,290936,778,42.26,Dry,0.27,4
Nov-2011,2011,November,Nigeria,Borno,North East,142582,623,30.61,Dry,0.44,4
Nov-2011,2011,November,Nigeria,Kwara,North Central,27709,107,10.24,Dry,0.39,4
Nov-2011,2011,November,Nigeria,Lagos,South West,278515,570,25.04,Dry,0.20,4
Nov-2011,2011,November,Nigeria,Ogun,South West,111235,320,22.88,Dry,0.29,4
Nov-2011,2011,November,Nigeria,Rivers,South South,158968,438,27.9,Dry,0.28,4
Nov-2011,2011,November,Nigeria,Enugu,South East,97619,266,27.31,Dry,0.27,4
Dec-2011,2011,December,Nigeria,Kano,North West,401483,1399,34.51,Dry,0.35,4
Dec-2011,2011,December,Nigeria,Kaduna,North West,244462,1293,35.51,Dry,0.53,4
Dec-2011,2011,December,Nigeria,Borno,North East,105147,578,22.57,Dry,0.55,4
Dec-2011,2011,December,Nigeria,Kwara,North Central,19070,78,7.05,Dry,0.41,4
Dec-2011,2011,December,Nigeria,Lagos,South West,194031,404,17.44,Dry,0.21,4
Dec-2011,2011,December,Nigeria,Ogun,South West,94272,309,19.39,Dry,0.33,4
Dec-2011,2011,December,Nigeria,Rivers,South South,121516,348,21.32,Dry,0.29,4
Dec-2011,2011,December,Nigeria,Enugu,South East,83098,246,23.25,Dry,0.30,4
Jan-2012,2012,January,Nigeria,Kano,North West,295341,878,24.74,Dry,0.30,1
Jan-2012,2012,January,Nigeria,Kaduna,North West,217905,901,30.88,Dry,0.41,1
Jan-2012,2012,January,Nigeria,Borno,North East,83519,305,17.49,Dry,0.37,1
Jan-2012,2012,January,Nigeria,Kwara,North Central,14744,55,5.31,Dry,0.37,1
Jan-2012,2012,January,Nigeria,Lagos,South West,155751,392,13.76,Dry,0.25,1
Jan-2012,2012,January,Nigeria,Ogun,South West,73090,215,14.67,Dry,0.29,1
Jan-2012,2012,January,Nigeria,Rivers,South South,97181,285,16.64,Dry,0.29,1
Jan-2012,2012,January,Nigeria,Enugu,South East,59070,159,16.12,Dry,0.27,1
Feb-2012,2012,February,Nigeria,Kano,North West,381898,1167,31.99,Dry,0.31,1
Feb-2012,2012,February,Nigeria,Kaduna,North West,203756,880,28.88,Dry,0.43,1
Feb-2012,2012,February,Nigeria,Borno,North East,99422,389,20.82,Dry,0.39,1
Feb-2012,2012,February,Nigeria,Kwara,North Central,17578,58,6.34,Dry,0.33,1
Feb-2012,2012,February,Nigeria,Lagos,South West,185440,416,16.38,Dry,0.22,1
Feb-2012,2012,February,Nigeria,Ogun,South West,81172,237,16.29,Dry,0.29,1
Feb-2012,2012,February,Nigeria,Rivers,South South,107340,367,18.38,Dry,0.34,1
Feb-2012,2012,February,Nigeria,Enugu,South East,73390,157,20.03,Dry,0.21,1
Mar-2012,2012,March,Nigeria,Kano,North West,355114,1463,29.75,Dry,0.41,1
Mar-2012,2012,March,Nigeria,Kaduna,North West,188877,550,26.77,Dry,0.29,1
Mar-2012,2012,March,Nigeria,Borno,North East,83133,381,17.41,Dry,0.46,1
Mar-2012,2012,March,Nigeria,Kwara,North Central,16056,46,5.79,Dry,0.29,1
Mar-2012,2012,March,Nigeria,Lagos,South West,162861,407,14.39,Dry,0.25,1
Mar-2012,2012,March,Nigeria,Ogun,South West,75756,217,15.2,Dry,0.29,1
Mar-2012,2012,March,Nigeria,Rivers,South South,93177,263,15.95,Dry,0.28,1
Mar-2012,2012,March,Nigeria,Enugu,South East,60040,201,16.39,Dry,0.33,1
Apr-2012,2012,April,Nigeria,Kano,North West,301486,1193,25.25,Rainy,0.40,2
Apr-2012,2012,April,Nigeria,Kaduna,North West,208526,1118,29.55,Rainy,0.54,2
Apr-2012,2012,April,Nigeria,Borno,North East,83032,429,17.39,Rainy,0.52,2
Apr-2012,2012,April,Nigeria,Kwara,North Central,14534,44,5.24,Rainy,0.30,2
Apr-2012,2012,April,Nigeria,Lagos,South West,172924,407,15.28,Rainy,0.24,2
Apr-2012,2012,April,Nigeria,Ogun,South West,71981,172,14.44,Rainy,0.24,2
Apr-2012,2012,April,Nigeria,Rivers,South South,106492,332,18.23,Rainy,0.31,2
Apr-2012,2012,April,Nigeria,Enugu,South East,68726,219,18.76,Rainy,0.32,2
May-2012,2012,May,Nigeria,Kano,North West,317692,1124,26.61,Rainy,0.35,2
May-2012,2012,May,Nigeria,Kaduna,North West,200467,991,28.41,Rainy,0.49,2
May-2012,2012,May,Nigeria,Borno,North East,72445,385,15.17,Rainy,0.53,2
May-2012,2012,May,Nigeria,Kwara,North Central,15042,49,5.42,Rainy,0.33,2
May-2012,2012,May,Nigeria,Lagos,South West,155435,277,13.73,Rainy,0.18,2
May-2012,2012,May,Nigeria,Ogun,South West,63940,211,12.83,Rainy,0.33,2
May-2012,2012,May,Nigeria,Rivers,South South,97238,322,16.65,Rainy,0.33,2
May-2012,2012,May,Nigeria,Enugu,South East,60307,194,16.46,Rainy,0.32,2
Jun-2012,2012,June,Nigeria,Kano,North West,479197,1408,40.14,Rainy,0.29,2
Jun-2012,2012,June,Nigeria,Kaduna,North West,266379,1080,37.75,Rainy,0.41,2
Jun-2012,2012,June,Nigeria,Borno,North East,124382,451,26.05,Rainy,0.36,2
Jun-2012,2012,June,Nigeria,Kwara,North Central,19644,64,7.08,Rainy,0.33,2
Jun-2012,2012,June,Nigeria,Lagos,South West,213123,485,18.83,Rainy,0.23,2
Jun-2012,2012,June,Nigeria,Ogun,South West,99097,249,19.88,Rainy,0.25,2
Jun-2012,2012,June,Nigeria,Rivers,South South,127287,278,21.79,Rainy,0.22,2
Jun-2012,2012,June,Nigeria,Enugu,South East,78293,257,21.37,Rainy,0.33,2
Jul-2012,2012,July,Nigeria,Kano,North West,499431,2225,41.83,Rainy,0.45,3
Jul-2012,2012,July,Nigeria,Kaduna,North West,317618,1235,45.01,Rainy,0.39,3
Jul-2012,2012,July,Nigeria,Borno,North East,138440,817,29,Rainy,0.59,3
Jul-2012,2012,July,Nigeria,Kwara,North Central,21148,67,7.62,Rainy,0.32,3
Jul-2012,2012,July,Nigeria,Lagos,South West,247847,391,21.89,Rainy,0.16,3
Jul-2012,2012,July,Nigeria,Ogun,South West,115908,326,23.26,Rainy,0.28,3
Jul-2012,2012,July,Nigeria,Rivers,South South,154172,483,26.4,Rainy,0.31,3
Jul-2012,2012,July,Nigeria,Enugu,South East,93538,351,25.53,Rainy,0.38,3
Aug-2012,2012,August,Nigeria,Kano,North West,543730,1896,45.54,Rainy,0.35,3
Aug-2012,2012,August,Nigeria,Kaduna,North West,330517,1483,46.84,Rainy,0.45,3
Aug-2012,2012,August,Nigeria,Borno,North East,145007,823,30.37,Rainy,0.57,3
Aug-2012,2012,August,Nigeria,Kwara,North Central,26809,78,9.66,Rainy,0.29,3
Aug-2012,2012,August,Nigeria,Lagos,South West,226002,476,19.96,Rainy,0.21,3
Aug-2012,2012,August,Nigeria,Ogun,South West,118890,326,23.86,Rainy,0.27,3
Aug-2012,2012,August,Nigeria,Rivers,South South,162670,440,27.85,Rainy,0.27,3
Aug-2012,2012,August,Nigeria,Enugu,South East,99336,282,27.11,Rainy,0.28,3
Sep-2012,2012,September,Nigeria,Kano,North West,554739,2046,46.47,Rainy,0.37,3
Sep-2012,2012,September,Nigeria,Kaduna,North West,322847,1003,45.76,Rainy,0.31,3
Sep-2012,2012,September,Nigeria,Borno,North East,144663,622,30.3,Rainy,0.43,3
Sep-2012,2012,September,Nigeria,Kwara,North Central,24328,80,8.77,Rainy,0.33,3
Sep-2012,2012,September,Nigeria,Lagos,South West,287548,477,25.4,Rainy,0.17,3
Sep-2012,2012,September,Nigeria,Ogun,South West,117783,286,23.63,Rainy,0.24,3
Sep-2012,2012,September,Nigeria,Rivers,South South,168562,472,28.86,Rainy,0.28,3
Sep-2012,2012,September,Nigeria,Enugu,South East,104199,321,28.44,Rainy,0.31,3
Oct-2012,2012,October,Nigeria,Kano,North West,615390,1919,51.55,Rainy,0.31,4
Oct-2012,2012,October,Nigeria,Kaduna,North West,391320,1820,55.46,Rainy,0.47,4
Oct-2012,2012,October,Nigeria,Borno,North East,202532,913,42.42,Rainy,0.45,4
Oct-2012,2012,October,Nigeria,Kwara,North Central,32412,127,11.68,Rainy,0.39,4
Oct-2012,2012,October,Nigeria,Lagos,South West,334149,793,29.52,Rainy,0.24,4
Oct-2012,2012,October,Nigeria,Ogun,South West,147461,482,29.59,Rainy,0.33,4
Oct-2012,2012,October,Nigeria,Rivers,South South,203360,665,34.82,Rainy,0.33,4
Oct-2012,2012,October,Nigeria,Enugu,South East,131688,485,35.94,Rainy,0.37,4
Nov-2012,2012,November,Nigeria,Kano,North West,481643,1404,40.34,Dry,0.29,4
Nov-2012,2012,November,Nigeria,Kaduna,North West,272725,991,38.65,Dry,0.36,4
Nov-2012,2012,November,Nigeria,Borno,North East,113303,399,23.73,Dry,0.35,4
Nov-2012,2012,November,Nigeria,Kwara,North Central,20381,60,7.35,Dry,0.29,4
Nov-2012,2012,November,Nigeria,Lagos,South West,238375,602,21.06,Dry,0.25,4
Nov-2012,2012,November,Nigeria,Ogun,South West,109652,352,22,Dry,0.32,4
Nov-2012,2012,November,Nigeria,Rivers,South South,113795,356,19.48,Dry,0.31,4
Nov-2012,2012,November,Nigeria,Enugu,South East,87111,199,23.78,Dry,0.23,4
Dec-2012,2012,December,Nigeria,Kano,North West,369392,1414,30.94,Dry,0.38,4
Dec-2012,2012,December,Nigeria,Kaduna,North West,205086,697,29.07,Dry,0.34,4
Dec-2012,2012,December,Nigeria,Borno,North East,99081,365,20.75,Dry,0.37,4
Dec-2012,2012,December,Nigeria,Kwara,North Central,16135,49,5.82,Dry,0.30,4
Dec-2012,2012,December,Nigeria,Lagos,South West,201256,467,17.78,Dry,0.23,4
Dec-2012,2012,December,Nigeria,Ogun,South West,72772,244,14.6,Dry,0.34,4
Dec-2012,2012,December,Nigeria,Rivers,South South,108795,303,18.63,Dry,0.28,4
Dec-2012,2012,December,Nigeria,Enugu,South East,65302,197,17.82,Dry,0.30,4
Jan-2013,2013,January,Nigeria,Kano,North West,300012,1118,24.49,Dry,0.37,1
Jan-2013,2013,January,Nigeria,Kaduna,North West,182058,688,25.17,Dry,0.38,1
Jan-2013,2013,January,Nigeria,Borno,North East,75924,319,15.51,Dry,0.42,1
Jan-2013,2013,January,Nigeria,Kwara,North Central,12302,42,4.33,Dry,0.34,1
Jan-2013,2013,January,Nigeria,Lagos,South West,145072,198,12.59,Dry,0.14,1
Jan-2013,2013,January,Nigeria,Ogun,South West,61367,169,12.01,Dry,0.28,1
Jan-2013,2013,January,Nigeria,Rivers,South South,96642,298,16.14,Dry,0.31,1
Jan-2013,2013,January,Nigeria,Enugu,South East,54314,169,14.46,Dry,0.31,1
Feb-2013,2013,February,Nigeria,Kano,North West,275265,1092,22.47,Dry,0.40,1
Feb-2013,2013,February,Nigeria,Kaduna,North West,161750,611,22.36,Dry,0.38,1
Feb-2013,2013,February,Nigeria,Borno,North East,71304,281,14.57,Dry,0.39,1
Feb-2013,2013,February,Nigeria,Kwara,North Central,12621,44,4.44,Dry,0.35,1
Feb-2013,2013,February,Nigeria,Lagos,South West,139675,339,12.12,Dry,0.24,1
Feb-2013,2013,February,Nigeria,Ogun,South West,63341,269,12.4,Dry,0.42,1
Feb-2013,2013,February,Nigeria,Rivers,South South,72898,248,12.18,Dry,0.34,1
Feb-2013,2013,February,Nigeria,Enugu,South East,50081,173,13.34,Dry,0.35,1
Mar-2013,2013,March,Nigeria,Kano,North West,293562,1231,23.96,Dry,0.42,1
Mar-2013,2013,March,Nigeria,Kaduna,North West,185132,713,25.6,Dry,0.39,1
Mar-2013,2013,March,Nigeria,Borno,North East,85745,438,17.52,Dry,0.51,1
Mar-2013,2013,March,Nigeria,Kwara,North Central,14391,43,5.06,Dry,0.30,1
Mar-2013,2013,March,Nigeria,Lagos,South West,175023,319,15.19,Dry,0.18,1
Mar-2013,2013,March,Nigeria,Ogun,South West,76576,256,14.99,Dry,0.33,1
Mar-2013,2013,March,Nigeria,Rivers,South South,105319,328,17.59,Dry,0.31,1
Mar-2013,2013,March,Nigeria,Enugu,South East,58201,168,15.5,Dry,0.29,1
Apr-2013,2013,April,Nigeria,Kano,North West,265081,1136,21.64,Rainy,0.43,2
Apr-2013,2013,April,Nigeria,Kaduna,North West,169670,415,23.46,Rainy,0.24,2
Apr-2013,2013,April,Nigeria,Borno,North East,75797,405,15.49,Rainy,0.53,2
Apr-2013,2013,April,Nigeria,Kwara,North Central,13404,50,4.71,Rainy,0.37,2
Apr-2013,2013,April,Nigeria,Lagos,South West,132204,247,11.47,Rainy,0.19,2
Apr-2013,2013,April,Nigeria,Ogun,South West,65098,165,12.74,Rainy,0.25,2
Apr-2013,2013,April,Nigeria,Rivers,South South,82525,266,13.78,Rainy,0.32,2
Apr-2013,2013,April,Nigeria,Enugu,South East,54052,172,14.39,Rainy,0.32,2
May-2013,2013,May,Nigeria,Kano,North West,315678,1313,25.77,Rainy,0.42,2
May-2013,2013,May,Nigeria,Kaduna,North West,199367,738,27.57,Rainy,0.37,2
May-2013,2013,May,Nigeria,Borno,North East,83898,380,17.14,Rainy,0.45,2
May-2013,2013,May,Nigeria,Kwara,North Central,14829,45,5.22,Rainy,0.30,2
May-2013,2013,May,Nigeria,Lagos,South West,156997,382,13.63,Rainy,0.24,2
May-2013,2013,May,Nigeria,Ogun,South West,69235,208,13.55,Rainy,0.30,2
May-2013,2013,May,Nigeria,Rivers,South South,94339,329,15.76,Rainy,0.35,2
May-2013,2013,May,Nigeria,Enugu,South East,58290,124,15.52,Rainy,0.21,2
Jun-2013,2013,June,Nigeria,Kano,North West,420161,1472,34.3,Rainy,0.35,2
Jun-2013,2013,June,Nigeria,Kaduna,North West,220718,763,30.52,Rainy,0.35,2
Jun-2013,2013,June,Nigeria,Borno,North East,102065,356,20.86,Rainy,0.35,2
Jun-2013,2013,June,Nigeria,Kwara,North Central,15744,51,5.54,Rainy,0.32,2
Jun-2013,2013,June,Nigeria,Lagos,South West,203320,456,17.65,Rainy,0.22,2
Jun-2013,2013,June,Nigeria,Ogun,South West,87172,290,17.06,Rainy,0.33,2
Jun-2013,2013,June,Nigeria,Rivers,South South,110669,302,18.49,Rainy,0.27,2
Jun-2013,2013,June,Nigeria,Enugu,South East,71166,204,18.95,Rainy,0.29,2
Jul-2013,2013,July,Nigeria,Kano,North West,451636,1129,36.86,Rainy,0.25,3
Jul-2013,2013,July,Nigeria,Kaduna,North West,277758,1059,38.41,Rainy,0.38,3
Jul-2013,2013,July,Nigeria,Borno,North East,119362,623,24.39,Rainy,0.52,3
Jul-2013,2013,July,Nigeria,Kwara,North Central,20415,63,7.18,Rainy,0.31,3
Jul-2013,2013,July,Nigeria,Lagos,South West,253461,485,22,Rainy,0.19,3
Jul-2013,2013,July,Nigeria,Ogun,South West,86118,221,16.86,Rainy,0.26,3
Jul-2013,2013,July,Nigeria,Rivers,South South,125494,400,20.96,Rainy,0.32,3
Jul-2013,2013,July,Nigeria,Enugu,South East,83016,232,22.11,Rainy,0.28,3
Aug-2013,2013,August,Nigeria,Kano,North West,530409,1793,43.29,Rainy,0.34,3
Aug-2013,2013,August,Nigeria,Kaduna,North West,324247,1406,44.83,Rainy,0.43,3
Aug-2013,2013,August,Nigeria,Borno,North East,144234,901,29.47,Rainy,0.62,3
Aug-2013,2013,August,Nigeria,Kwara,North Central,27006,89,9.5,Rainy,0.33,3
Aug-2013,2013,August,Nigeria,Lagos,South West,291271,479,25.28,Rainy,0.16,3
Aug-2013,2013,August,Nigeria,Ogun,South West,128504,431,25.16,Rainy,0.34,3
Aug-2013,2013,August,Nigeria,Rivers,South South,176663,524,29.51,Rainy,0.30,3
Aug-2013,2013,August,Nigeria,Enugu,South East,109347,375,29.12,Rainy,0.34,3
Sep-2013,2013,September,Nigeria,Kano,North West,671930,2447,54.85,Rainy,0.36,3
Sep-2013,2013,September,Nigeria,Kaduna,North West,413626,1580,57.19,Rainy,0.38,3
Sep-2013,2013,September,Nigeria,Borno,North East,169296,670,34.6,Rainy,0.40,3
Sep-2013,2013,September,Nigeria,Kwara,North Central,28777,108,10.12,Rainy,0.38,3
Sep-2013,2013,September,Nigeria,Lagos,South West,336850,826,29.24,Rainy,0.25,3
Sep-2013,2013,September,Nigeria,Ogun,South West,155327,499,30.41,Rainy,0.32,3
Sep-2013,2013,September,Nigeria,Rivers,South South,181587,683,30.33,Rainy,0.38,3
Sep-2013,2013,September,Nigeria,Enugu,South East,138566,456,36.9,Rainy,0.33,3
Oct-2013,2013,October,Nigeria,Kano,North West,483815,1528,39.49,Rainy,0.32,4
Oct-2013,2013,October,Nigeria,Kaduna,North West,300344,1238,41.53,Rainy,0.41,4
Oct-2013,2013,October,Nigeria,Borno,North East,132435,476,27.06,Rainy,0.36,4
Oct-2013,2013,October,Nigeria,Kwara,North Central,23495,85,8.26,Rainy,0.36,4
Oct-2013,2013,October,Nigeria,Lagos,South West,254534,560,22.09,Rainy,0.22,4
Oct-2013,2013,October,Nigeria,Ogun,South West,117126,333,22.93,Rainy,0.28,4
Oct-2013,2013,October,Nigeria,Rivers,South South,158345,488,26.45,Rainy,0.31,4
Oct-2013,2013,October,Nigeria,Enugu,South East,103145,340,27.47,Rainy,0.33,4
Nov-2013,2013,November,Nigeria,Kano,North West,483997,1575,39.51,Dry,0.33,4
Nov-2013,2013,November,Nigeria,Kaduna,North West,305761,1154,42.28,Dry,0.38,4
Nov-2013,2013,November,Nigeria,Borno,North East,125495,409,25.64,Dry,0.33,4
Nov-2013,2013,November,Nigeria,Kwara,North Central,20867,60,7.34,Dry,0.29,4
Nov-2013,2013,November,Nigeria,Lagos,South West,248252,459,21.55,Dry,0.18,4
Nov-2013,2013,November,Nigeria,Ogun,South West,103095,305,20.18,Dry,0.30,4
Nov-2013,2013,November,Nigeria,Rivers,South South,123634,438,20.65,Dry,0.35,4
Nov-2013,2013,November,Nigeria,Enugu,South East,78647,262,20.94,Dry,0.33,4
Dec-2013,2013,December,Nigeria,Kano,North West,350118,1123,28.58,Dry,0.32,4
Dec-2013,2013,December,Nigeria,Kaduna,North West,204325,696,28.25,Dry,0.34,4
Dec-2013,2013,December,Nigeria,Borno,North East,100221,398,20.48,Dry,0.40,4
Dec-2013,2013,December,Nigeria,Kwara,North Central,17806,61,6.26,Dry,0.34,4
Dec-2013,2013,December,Nigeria,Lagos,South West,171526,492,14.89,Dry,0.29,4
Dec-2013,2013,December,Nigeria,Ogun,South West,85010,279,16.64,Dry,0.33,4
Dec-2013,2013,December,Nigeria,Rivers,South South,107007,297,17.87,Dry,0.28,4
Dec-2013,2013,December,Nigeria,Enugu,South East,74044,239,19.72,Dry,0.32,4
Jan-2014,2014,January,Nigeria,Kano,North West,279188,887,22.21,Dry,0.32,1
Jan-2014,2014,January,Nigeria,Kaduna,North West,164749,680,22.22,Dry,0.41,1
Jan-2014,2014,January,Nigeria,Borno,North East,76399,307,15.23,Dry,0.40,1
Jan-2014,2014,January,Nigeria,Kwara,North Central,13124,38,4.5,Dry,0.29,1
Jan-2014,2014,January,Nigeria,Lagos,South West,141223,301,12.04,Dry,0.21,1
Jan-2014,2014,January,Nigeria,Ogun,South West,66277,166,12.66,Dry,0.25,1
Jan-2014,2014,January,Nigeria,Rivers,South South,89073,222,14.52,Dry,0.25,1
Jan-2014,2014,January,Nigeria,Enugu,South East,56635,164,14.71,Dry,0.29,1
Feb-2014,2014,February,Nigeria,Kano,North West,311107,1138,24.75,Dry,0.37,1
Feb-2014,2014,February,Nigeria,Kaduna,North West,194351,557,26.22,Dry,0.29,1
Feb-2014,2014,February,Nigeria,Borno,North East,95604,422,19.06,Dry,0.44,1
Feb-2014,2014,February,Nigeria,Kwara,North Central,14302,33,4.91,Dry,0.23,1
Feb-2014,2014,February,Nigeria,Lagos,South West,142844,295,12.18,Dry,0.21,1
Feb-2014,2014,February,Nigeria,Ogun,South West,71037,262,13.57,Dry,0.37,1
Feb-2014,2014,February,Nigeria,Rivers,South South,93805,244,15.29,Dry,0.26,1
Feb-2014,2014,February,Nigeria,Enugu,South East,57188,116,14.86,Dry,0.20,1
Mar-2014,2014,March,Nigeria,Kano,North West,319960,740,25.45,Dry,0.23,1
Mar-2014,2014,March,Nigeria,Kaduna,North West,206349,729,27.84,Dry,0.35,1
Mar-2014,2014,March,Nigeria,Borno,North East,79884,346,15.93,Dry,0.43,1
Mar-2014,2014,March,Nigeria,Kwara,North Central,15114,43,5.19,Dry,0.28,1
Mar-2014,2014,March,Nigeria,Lagos,South West,174291,312,14.86,Dry,0.18,1
Mar-2014,2014,March,Nigeria,Ogun,South West,77988,265,14.89,Dry,0.34,1
Mar-2014,2014,March,Nigeria,Rivers,South South,98776,296,16.1,Dry,0.30,1
Mar-2014,2014,March,Nigeria,Enugu,South East,59886,247,15.56,Dry,0.41,1
Apr-2014,2014,April,Nigeria,Kano,North West,334155,999,26.58,Rainy,0.30,2
Apr-2014,2014,April,Nigeria,Kaduna,North West,192975,778,26.03,Rainy,0.40,2
Apr-2014,2014,April,Nigeria,Borno,North East,97077,322,19.35,Rainy,0.33,2
Apr-2014,2014,April,Nigeria,Kwara,North Central,14618,53,5.02,Rainy,0.36,2
Apr-2014,2014,April,Nigeria,Lagos,South West,157869,316,13.46,Rainy,0.20,2
Apr-2014,2014,April,Nigeria,Ogun,South West,71052,154,13.57,Rainy,0.22,2
Apr-2014,2014,April,Nigeria,Rivers,South South,102983,287,16.78,Rainy,0.28,2
Apr-2014,2014,April,Nigeria,Enugu,South East,66336,238,17.23,Rainy,0.36,2
May-2014,2014,May,Nigeria,Kano,North West,318057,776,25.3,Rainy,0.24,2
May-2014,2014,May,Nigeria,Kaduna,North West,173052,576,23.34,Rainy,0.33,2
May-2014,2014,May,Nigeria,Borno,North East,76684,416,15.29,Rainy,0.54,2
May-2014,2014,May,Nigeria,Kwara,North Central,13813,44,4.74,Rainy,0.32,2
May-2014,2014,May,Nigeria,Lagos,South West,152491,295,13.01,Rainy,0.19,2
May-2014,2014,May,Nigeria,Ogun,South West,69760,184,13.32,Rainy,0.26,2
May-2014,2014,May,Nigeria,Rivers,South South,77619,245,12.65,Rainy,0.32,2
May-2014,2014,May,Nigeria,Enugu,South East,56432,182,14.66,Rainy,0.32,2
Jun-2014,2014,June,Nigeria,Kano,North West,429565,1231,34.17,Rainy,0.29,2
Jun-2014,2014,June,Nigeria,Kaduna,North West,262642,1047,35.43,Rainy,0.40,2
Jun-2014,2014,June,Nigeria,Borno,North East,125670,557,25.05,Rainy,0.44,2
Jun-2014,2014,June,Nigeria,Kwara,North Central,19552,66,6.71,Rainy,0.34,2
Jun-2014,2014,June,Nigeria,Lagos,South West,207771,523,17.72,Rainy,0.25,2
Jun-2014,2014,June,Nigeria,Ogun,South West,90050,258,17.2,Rainy,0.29,2
Jun-2014,2014,June,Nigeria,Rivers,South South,123785,444,20.17,Rainy,0.36,2
Jun-2014,2014,June,Nigeria,Enugu,South East,79733,222,20.71,Rainy,0.28,2
Jul-2014,2014,July,Nigeria,Kano,North West,443909,1670,35.31,Rainy,0.38,3
Jul-2014,2014,July,Nigeria,Kaduna,North West,267509,961,36.09,Rainy,0.36,3
Jul-2014,2014,July,Nigeria,Borno,North East,129370,592,25.79,Rainy,0.46,3
Jul-2014,2014,July,Nigeria,Kwara,North Central,21844,52,7.49,Rainy,0.24,3
Jul-2014,2014,July,Nigeria,Lagos,South West,212690,440,18.14,Rainy,0.21,3
Jul-2014,2014,July,Nigeria,Ogun,South West,101734,249,19.43,Rainy,0.24,3
Jul-2014,2014,July,Nigeria,Rivers,South South,115704,168,18.85,Rainy,0.15,3
Jul-2014,2014,July,Nigeria,Enugu,South East,73574,199,19.11,Rainy,0.27,3
Aug-2014,2014,August,Nigeria,Kano,North West,469296,1528,37.33,Rainy,0.33,3
Aug-2014,2014,August,Nigeria,Kaduna,North West,314260,1114,42.39,Rainy,0.35,3
Aug-2014,2014,August,Nigeria,Borno,North East,126761,661,25.27,Rainy,0.52,3
Aug-2014,2014,August,Nigeria,Kwara,North Central,26699,84,9.16,Rainy,0.31,3
Aug-2014,2014,August,Nigeria,Lagos,South West,289196,581,24.66,Rainy,0.20,3
Aug-2014,2014,August,Nigeria,Ogun,South West,117172,360,22.38,Rainy,0.31,3
Aug-2014,2014,August,Nigeria,Rivers,South South,143483,555,23.38,Rainy,0.39,3
Aug-2014,2014,August,Nigeria,Enugu,South East,95783,268,24.88,Rainy,0.28,3
Sep-2014,2014,September,Nigeria,Kano,North West,656216,1926,52.2,Rainy,0.29,3
Sep-2014,2014,September,Nigeria,Kaduna,North West,380123,1055,51.28,Rainy,0.28,3
Sep-2014,2014,September,Nigeria,Borno,North East,195939,1083,39.06,Rainy,0.55,3
Sep-2014,2014,September,Nigeria,Kwara,North Central,30369,76,10.42,Rainy,0.25,3
Sep-2014,2014,September,Nigeria,Lagos,South West,303794,560,25.91,Rainy,0.18,3
Sep-2014,2014,September,Nigeria,Ogun,South West,155139,429,29.63,Rainy,0.28,3
Sep-2014,2014,September,Nigeria,Rivers,South South,203007,599,33.08,Rainy,0.30,3
Sep-2014,2014,September,Nigeria,Enugu,South East,154325,408,40.09,Rainy,0.26,3
Oct-2014,2014,October,Nigeria,Kano,North West,547540,1724,43.55,Rainy,0.31,4
Oct-2014,2014,October,Nigeria,Kaduna,North West,290552,948,39.19,Rainy,0.33,4
Oct-2014,2014,October,Nigeria,Borno,North East,139134,427,27.74,Rainy,0.31,4
Oct-2014,2014,October,Nigeria,Kwara,North Central,24995,68,8.58,Rainy,0.27,4
Oct-2014,2014,October,Nigeria,Lagos,South West,249525,482,21.28,Rainy,0.19,4
Oct-2014,2014,October,Nigeria,Ogun,South West,118079,349,22.55,Rainy,0.30,4
Oct-2014,2014,October,Nigeria,Rivers,South South,152693,456,24.88,Rainy,0.30,4
Oct-2014,2014,October,Nigeria,Enugu,South East,96647,251,25.11,Rainy,0.26,4
Nov-2014,2014,November,Nigeria,Kano,North West,405462,1369,32.25,Dry,0.34,4
Nov-2014,2014,November,Nigeria,Kaduna,North West,249315,806,33.63,Dry,0.32,4
Nov-2014,2014,November,Nigeria,Borno,North East,130391,522,26,Dry,0.40,4
Nov-2014,2014,November,Nigeria,Kwara,North Central,20820,73,7.14,Dry,0.35,4
Nov-2014,2014,November,Nigeria,Lagos,South West,213937,479,18.25,Dry,0.22,4
Nov-2014,2014,November,Nigeria,Ogun,South West,94214,353,17.99,Dry,0.37,4
Nov-2014,2014,November,Nigeria,Rivers,South South,131005,368,21.35,Dry,0.28,4
Nov-2014,2014,November,Nigeria,Enugu,South East,81870,178,21.27,Dry,0.22,4
Dec-2014,2014,December,Nigeria,Kano,North West,378715,979,30.12,Dry,0.26,4
Dec-2014,2014,December,Nigeria,Kaduna,North West,214952,822,29,Dry,0.38,4
Dec-2014,2014,December,Nigeria,Borno,North East,112774,509,22.48,Dry,0.45,4
Dec-2014,2014,December,Nigeria,Kwara,North Central,15936,50,5.47,Dry,0.31,4
Dec-2014,2014,December,Nigeria,Lagos,South West,190276,327,16.23,Dry,0.17,4
Dec-2014,2014,December,Nigeria,Ogun,South West,89308,208,17.06,Dry,0.23,4
Dec-2014,2014,December,Nigeria,Rivers,South South,114582,334,18.67,Dry,0.29,4
Dec-2014,2014,December,Nigeria,Enugu,South East,75816,223,19.7,Dry,0.29,4
Jan-2015,2015,January,Nigeria,Kano,North West,289244,941,22.42,Dry,0.33,1
Jan-2015,2015,January,Nigeria,Kaduna,North West,163769,633,21.55,Dry,0.39,1
Jan-2015,2015,January,Nigeria,Borno,North East,80517,283,15.66,Dry,0.35,1
Jan-2015,2015,January,Nigeria,Kwara,North Central,13828,47,4.63,Dry,0.34,1
Jan-2015,2015,January,Nigeria,Lagos,South West,140104,309,11.74,Dry,0.22,1
Jan-2015,2015,January,Nigeria,Ogun,South West,71682,109,13.36,Dry,0.15,1
Jan-2015,2015,January,Nigeria,Rivers,South South,79777,285,12.68,Dry,0.36,1
Jan-2015,2015,January,Nigeria,Enugu,South East,59624,166,15.11,Dry,0.28,1
Feb-2015,2015,February,Nigeria,Kano,North West,321504,1231,24.92,Dry,0.38,1
Feb-2015,2015,February,Nigeria,Kaduna,North West,186382,738,24.53,Dry,0.40,1
Feb-2015,2015,February,Nigeria,Borno,North East,80264,270,15.61,Dry,0.34,1
Feb-2015,2015,February,Nigeria,Kwara,North Central,15357,42,5.14,Dry,0.27,1
Feb-2015,2015,February,Nigeria,Lagos,South West,171263,316,14.35,Dry,0.18,1
Feb-2015,2015,February,Nigeria,Ogun,South West,71759,223,13.37,Dry,0.31,1
Feb-2015,2015,February,Nigeria,Rivers,South South,94175,276,14.97,Dry,0.29,1
Feb-2015,2015,February,Nigeria,Enugu,South East,62875,208,15.94,Dry,0.33,1
Mar-2015,2015,March,Nigeria,Kano,North West,295942,857,22.94,Dry,0.29,1
Mar-2015,2015,March,Nigeria,Kaduna,North West,197528,750,26,Dry,0.38,1
Mar-2015,2015,March,Nigeria,Borno,North East,79933,383,15.55,Dry,0.48,1
Mar-2015,2015,March,Nigeria,Kwara,North Central,16044,55,5.37,Dry,0.34,1
Mar-2015,2015,March,Nigeria,Lagos,South West,168023,234,14.08,Dry,0.14,1
Mar-2015,2015,March,Nigeria,Ogun,South West,70454,203,13.13,Dry,0.29,1
Mar-2015,2015,March,Nigeria,Rivers,South South,92108,336,14.64,Dry,0.36,1
Mar-2015,2015,March,Nigeria,Enugu,South East,64422,169,16.33,Dry,0.26,1
Apr-2015,2015,April,Nigeria,Kano,North West,320745,999,24.86,Rainy,0.31,2
Apr-2015,2015,April,Nigeria,Kaduna,North West,190332,760,25.05,Rainy,0.40,2
Apr-2015,2015,April,Nigeria,Borno,North East,88194,367,17.15,Rainy,0.42,2
Apr-2015,2015,April,Nigeria,Kwara,North Central,15345,46,5.14,Rainy,0.30,2
Apr-2015,2015,April,Nigeria,Lagos,South West,189972,356,15.92,Rainy,0.19,2
Apr-2015,2015,April,Nigeria,Ogun,South West,77807,207,14.5,Rainy,0.27,2
Apr-2015,2015,April,Nigeria,Rivers,South South,110909,306,17.63,Rainy,0.28,2
Apr-2015,2015,April,Nigeria,Enugu,South East,71110,188,18.02,Rainy,0.26,2
May-2015,2015,May,Nigeria,Kano,North West,347803,1412,26.96,Rainy,0.41,2
May-2015,2015,May,Nigeria,Kaduna,North West,218315,729,28.73,Rainy,0.33,2
May-2015,2015,May,Nigeria,Borno,North East,85710,388,16.67,Rainy,0.45,2
May-2015,2015,May,Nigeria,Kwara,North Central,15629,45,5.23,Rainy,0.29,2
May-2015,2015,May,Nigeria,Lagos,South West,151519,270,12.7,Rainy,0.18,2
May-2015,2015,May,Nigeria,Ogun,South West,79243,233,14.77,Rainy,0.29,2
May-2015,2015,May,Nigeria,Rivers,South South,110908,342,17.63,Rainy,0.31,2
May-2015,2015,May,Nigeria,Enugu,South East,66743,178,16.92,Rainy,0.27,2
Jun-2015,2015,June,Nigeria,Kano,North West,452578,1721,35.08,Rainy,0.38,2
Jun-2015,2015,June,Nigeria,Kaduna,North West,248835,906,32.75,Rainy,0.36,2
Jun-2015,2015,June,Nigeria,Borno,North East,97222,333,18.91,Rainy,0.34,2
Jun-2015,2015,June,Nigeria,Kwara,North Central,16981,48,5.68,Rainy,0.28,2
Jun-2015,2015,June,Nigeria,Lagos,South West,209192,392,17.53,Rainy,0.19,2
Jun-2015,2015,June,Nigeria,Ogun,South West,89749,236,16.72,Rainy,0.26,2
Jun-2015,2015,June,Nigeria,Rivers,South South,109053,309,17.34,Rainy,0.28,2
Jun-2015,2015,June,Nigeria,Enugu,South East,68433,193,17.34,Rainy,0.28,2
Jul-2015,2015,July,Nigeria,Kano,North West,450728,1603,34.94,Rainy,0.36,3
Jul-2015,2015,July,Nigeria,Kaduna,North West,285132,1151,37.52,Rainy,0.40,3
Jul-2015,2015,July,Nigeria,Borno,North East,125939,536,24.5,Rainy,0.43,3
Jul-2015,2015,July,Nigeria,Kwara,North Central,22166,61,7.42,Rainy,0.28,3
Jul-2015,2015,July,Nigeria,Lagos,South West,221469,453,18.56,Rainy,0.20,3
Jul-2015,2015,July,Nigeria,Ogun,South West,114879,314,21.41,Rainy,0.27,3
Jul-2015,2015,July,Nigeria,Rivers,South South,130810,377,20.8,Rainy,0.29,3
Jul-2015,2015,July,Nigeria,Enugu,South East,98385,281,24.94,Rainy,0.29,3
Aug-2015,2015,August,Nigeria,Kano,North West,566006,1581,43.87,Rainy,0.28,3
Aug-2015,2015,August,Nigeria,Kaduna,North West,308574,1089,40.61,Rainy,0.35,3
Aug-2015,2015,August,Nigeria,Borno,North East,156602,746,30.46,Rainy,0.48,3
Aug-2015,2015,August,Nigeria,Kwara,North Central,22330,75,7.47,Rainy,0.34,3
Aug-2015,2015,August,Nigeria,Lagos,South West,253020,547,21.2,Rainy,0.22,3
Aug-2015,2015,August,Nigeria,Ogun,South West,129048,369,24.05,Rainy,0.29,3
Aug-2015,2015,August,Nigeria,Rivers,South South,148531,466,23.61,Rainy,0.31,3
Aug-2015,2015,August,Nigeria,Enugu,South East,97534,274,24.72,Rainy,0.28,3
Sep-2015,2015,September,Nigeria,Kano,North West,543907,1774,42.16,Rainy,0.33,3
Sep-2015,2015,September,Nigeria,Kaduna,North West,372290,1528,49,Rainy,0.41,3
Sep-2015,2015,September,Nigeria,Borno,North East,145965,583,28.39,Rainy,0.40,3
Sep-2015,2015,September,Nigeria,Kwara,North Central,28510,109,9.54,Rainy,0.38,3
Sep-2015,2015,September,Nigeria,Lagos,South West,283930,330,23.79,Rainy,0.12,3
Sep-2015,2015,September,Nigeria,Ogun,South West,138933,339,25.89,Rainy,0.24,3
Sep-2015,2015,September,Nigeria,Rivers,South South,188313,491,29.94,Rainy,0.26,3
Sep-2015,2015,September,Nigeria,Enugu,South East,114958,392,29.14,Rainy,0.34,3
Oct-2015,2015,October,Nigeria,Kano,North West,624773,2313,48.43,Rainy,0.37,4
Oct-2015,2015,October,Nigeria,Kaduna,North West,341342,1352,44.92,Rainy,0.40,4
Oct-2015,2015,October,Nigeria,Borno,North East,172497,828,33.55,Rainy,0.48,4
Oct-2015,2015,October,Nigeria,Kwara,North Central,27343,79,9.15,Rainy,0.29,4
Oct-2015,2015,October,Nigeria,Lagos,South West,296322,663,24.83,Rainy,0.22,4
Oct-2015,2015,October,Nigeria,Ogun,South West,131860,407,24.57,Rainy,0.31,4
Oct-2015,2015,October,Nigeria,Rivers,South South,167181,522,26.58,Rainy,0.31,4
Oct-2015,2015,October,Nigeria,Enugu,South East,108771,360,27.57,Rainy,0.33,4
Nov-2015,2015,November,Nigeria,Kano,North West,515779,1865,39.98,Dry,0.36,4
Nov-2015,2015,November,Nigeria,Kaduna,North West,263810,1156,34.72,Dry,0.44,4
Nov-2015,2015,November,Nigeria,Borno,North East,114856,513,22.34,Dry,0.45,4
Nov-2015,2015,November,Nigeria,Kwara,North Central,23558,85,7.89,Dry,0.36,4
Nov-2015,2015,November,Nigeria,Lagos,South West,252537,563,21.16,Dry,0.22,4
Nov-2015,2015,November,Nigeria,Ogun,South West,117630,273,21.92,Dry,0.23,4
Nov-2015,2015,November,Nigeria,Rivers,South South,123300,272,19.6,Dry,0.22,4
Nov-2015,2015,November,Nigeria,Enugu,South East,104640,248,26.52,Dry,0.24,4
Dec-2015,2015,December,Nigeria,Kano,North West,332435,1180,25.77,Dry,0.35,4
Dec-2015,2015,December,Nigeria,Kaduna,North West,190601,645,25.08,Dry,0.34,4
Dec-2015,2015,December,Nigeria,Borno,North East,83929,415,16.32,Dry,0.49,4
Dec-2015,2015,December,Nigeria,Kwara,North Central,14713,37,4.93,Dry,0.25,4
Dec-2015,2015,December,Nigeria,Lagos,South West,168576,268,14.13,Dry,0.16,4
Dec-2015,2015,December,Nigeria,Ogun,South West,70898,192,13.21,Dry,0.27,4
Dec-2015,2015,December,Nigeria,Rivers,South South,91288,317,14.51,Dry,0.35,4
Dec-2015,2015,December,Nigeria,Enugu,South East,60103,151,15.23,Dry,0.25,4
Jan-2016,2016,January,Nigeria,Kano,North West,318263,1020,24.04,Dry,0.32,1
Jan-2016,2016,January,Nigeria,Kaduna,North West,206803,835,26.55,Dry,0.40,1
Jan-2016,2016,January,Nigeria,Borno,North East,80358,383,15.25,Dry,0.48,1
Jan-2016,2016,January,Nigeria,Kwara,North Central,14919,33,4.87,Dry,0.22,1
Jan-2016,2016,January,Nigeria,Lagos,South West,145591,335,11.99,Dry,0.23,1
Jan-2016,2016,January,Nigeria,Ogun,South West,71409,173,12.98,Dry,0.24,1
Jan-2016,2016,January,Nigeria,Rivers,South South,90597,284,14.05,Dry,0.31,1
Jan-2016,2016,January,Nigeria,Enugu,South East,64962,180,16.06,Dry,0.28,1
Feb-2016,2016,February,Nigeria,Kano,North West,276475,875,20.88,Dry,0.32,1
Feb-2016,2016,February,Nigeria,Kaduna,North West,164876,455,21.17,Dry,0.28,1
Feb-2016,2016,February,Nigeria,Borno,North East,71594,323,13.59,Dry,0.45,1
Feb-2016,2016,February,Nigeria,Kwara,North Central,12831,36,4.19,Dry,0.28,1
Feb-2016,2016,February,Nigeria,Lagos,South West,129191,301,10.64,Dry,0.23,1
Feb-2016,2016,February,Nigeria,Ogun,South West,61673,177,11.21,Dry,0.29,1
Feb-2016,2016,February,Nigeria,Rivers,South South,83634,179,12.97,Dry,0.21,1
Feb-2016,2016,February,Nigeria,Enugu,South East,60319,147,14.91,Dry,0.24,1
Mar-2016,2016,March,Nigeria,Kano,North West,363295,1127,27.44,Dry,0.31,1
Mar-2016,2016,March,Nigeria,Kaduna,North West,211014,625,27.09,Dry,0.30,1
Mar-2016,2016,March,Nigeria,Borno,North East,103707,406,19.68,Dry,0.39,1
Mar-2016,2016,March,Nigeria,Kwara,North Central,15796,48,5.16,Dry,0.30,1
Mar-2016,2016,March,Nigeria,Lagos,South West,195243,376,16.08,Dry,0.19,1
Mar-2016,2016,March,Nigeria,Ogun,South West,80203,247,14.58,Dry,0.31,1
Mar-2016,2016,March,Nigeria,Rivers,South South,115162,340,17.86,Dry,0.30,1
Mar-2016,2016,March,Nigeria,Enugu,South East,70571,243,17.45,Dry,0.34,1
Apr-2016,2016,April,Nigeria,Kano,North West,300909,1117,22.73,Rainy,0.37,2
Apr-2016,2016,April,Nigeria,Kaduna,North West,176388,467,22.65,Rainy,0.26,2
Apr-2016,2016,April,Nigeria,Borno,North East,79747,403,15.13,Rainy,0.51,2
Apr-2016,2016,April,Nigeria,Kwara,North Central,13126,31,4.29,Rainy,0.24,2
Apr-2016,2016,April,Nigeria,Lagos,South West,139936,245,11.52,Rainy,0.18,2
Apr-2016,2016,April,Nigeria,Ogun,South West,66392,151,12.07,Rainy,0.23,2
Apr-2016,2016,April,Nigeria,Rivers,South South,87656,346,13.6,Rainy,0.39,2
Apr-2016,2016,April,Nigeria,Enugu,South East,57389,165,14.19,Rainy,0.29,2
May-2016,2016,May,Nigeria,Kano,North West,371716,1156,28.08,Rainy,0.31,2
May-2016,2016,May,Nigeria,Kaduna,North West,192940,692,24.77,Rainy,0.36,2
May-2016,2016,May,Nigeria,Borno,North East,91029,476,17.27,Rainy,0.52,2
May-2016,2016,May,Nigeria,Kwara,North Central,15331,38,5.01,Rainy,0.25,2
May-2016,2016,May,Nigeria,Lagos,South West,165756,342,13.65,Rainy,0.21,2
May-2016,2016,May,Nigeria,Ogun,South West,71125,194,12.93,Rainy,0.27,2
May-2016,2016,May,Nigeria,Rivers,South South,99355,257,15.41,Rainy,0.26,2
May-2016,2016,May,Nigeria,Enugu,South East,78266,184,19.35,Rainy,0.24,2
Jun-2016,2016,June,Nigeria,Kano,North West,400296,1334,30.23,Rainy,0.33,2
Jun-2016,2016,June,Nigeria,Kaduna,North West,229134,776,29.42,Rainy,0.34,2
Jun-2016,2016,June,Nigeria,Borno,North East,104612,528,19.85,Rainy,0.50,2
Jun-2016,2016,June,Nigeria,Kwara,North Central,17197,64,5.62,Rainy,0.37,2
Jun-2016,2016,June,Nigeria,Lagos,South West,175854,338,14.48,Rainy,0.19,2
Jun-2016,2016,June,Nigeria,Ogun,South West,103375,348,18.79,Rainy,0.34,2
Jun-2016,2016,June,Nigeria,Rivers,South South,118299,419,18.35,Rainy,0.35,2
Jun-2016,2016,June,Nigeria,Enugu,South East,85933,230,21.25,Rainy,0.27,2
Jul-2016,2016,July,Nigeria,Kano,North West,507241,1671,38.31,Rainy,0.33,3
Jul-2016,2016,July,Nigeria,Kaduna,North West,316847,990,40.68,Rainy,0.31,3
Jul-2016,2016,July,Nigeria,Borno,North East,128446,477,24.37,Rainy,0.37,3
Jul-2016,2016,July,Nigeria,Kwara,North Central,26916,84,8.79,Rainy,0.31,3
Jul-2016,2016,July,Nigeria,Lagos,South West,280845,552,23.13,Rainy,0.20,3
Jul-2016,2016,July,Nigeria,Ogun,South West,110911,307,20.16,Rainy,0.28,3
Jul-2016,2016,July,Nigeria,Rivers,South South,154098,417,23.9,Rainy,0.27,3
Jul-2016,2016,July,Nigeria,Enugu,South East,103904,254,25.69,Rainy,0.24,3
Aug-2016,2016,August,Nigeria,Kano,North West,539061,1928,40.72,Rainy,0.36,3
Aug-2016,2016,August,Nigeria,Kaduna,North West,308196,1072,39.57,Rainy,0.35,3
Aug-2016,2016,August,Nigeria,Borno,North East,133286,455,25.29,Rainy,0.34,3
Aug-2016,2016,August,Nigeria,Kwara,North Central,24659,75,8.05,Rainy,0.30,3
Aug-2016,2016,August,Nigeria,Lagos,South West,241322,481,19.87,Rainy,0.20,3
Aug-2016,2016,August,Nigeria,Ogun,South West,112349,381,20.42,Rainy,0.34,3
Aug-2016,2016,August,Nigeria,Rivers,South South,166390,461,25.81,Rainy,0.28,3
Aug-2016,2016,August,Nigeria,Enugu,South East,111730,310,27.63,Rainy,0.28,3
Sep-2016,2016,September,Nigeria,Kano,North West,627649,1940,47.41,Rainy,0.31,3
Sep-2016,2016,September,Nigeria,Kaduna,North West,349992,1141,44.94,Rainy,0.33,3
Sep-2016,2016,September,Nigeria,Borno,North East,167096,766,31.71,Rainy,0.46,3
Sep-2016,2016,September,Nigeria,Kwara,North Central,26650,92,8.7,Rainy,0.35,3
Sep-2016,2016,September,Nigeria,Lagos,South West,261205,551,21.51,Rainy,0.21,3
Sep-2016,2016,September,Nigeria,Ogun,South West,143611,359,26.11,Rainy,0.25,3
Sep-2016,2016,September,Nigeria,Rivers,South South,174411,439,27.05,Rainy,0.25,3
Sep-2016,2016,September,Nigeria,Enugu,South East,103193,280,25.52,Rainy,0.27,3
Oct-2016,2016,October,Nigeria,Kano,North West,598581,2160,45.21,Rainy,0.36,4
Oct-2016,2016,October,Nigeria,Kaduna,North West,362268,1356,46.51,Rainy,0.37,4
Oct-2016,2016,October,Nigeria,Borno,North East,156670,494,29.73,Rainy,0.32,4
Oct-2016,2016,October,Nigeria,Kwara,North Central,26162,71,8.54,Rainy,0.27,4
Oct-2016,2016,October,Nigeria,Lagos,South West,319598,696,26.32,Rainy,0.22,4
Oct-2016,2016,October,Nigeria,Ogun,South West,123128,368,22.38,Rainy,0.30,4
Oct-2016,2016,October,Nigeria,Rivers,South South,177748,421,27.57,Rainy,0.24,4
Oct-2016,2016,October,Nigeria,Enugu,South East,111997,267,27.69,Rainy,0.24,4
Nov-2016,2016,November,Nigeria,Kano,North West,497698,1511,37.59,Dry,0.30,4
Nov-2016,2016,November,Nigeria,Kaduna,North West,258290,944,33.16,Dry,0.37,4
Nov-2016,2016,November,Nigeria,Borno,North East,126067,529,23.92,Dry,0.42,4
Nov-2016,2016,November,Nigeria,Kwara,North Central,26076,102,8.52,Dry,0.39,4
Nov-2016,2016,November,Nigeria,Lagos,South West,214914,466,17.7,Dry,0.22,4
Nov-2016,2016,November,Nigeria,Ogun,South West,103695,259,18.85,Dry,0.25,4
Nov-2016,2016,November,Nigeria,Rivers,South South,151874,410,23.56,Dry,0.27,4
Nov-2016,2016,November,Nigeria,Enugu,South East,103266,236,25.53,Dry,0.23,4
Dec-2016,2016,December,Nigeria,Kano,North West,390642,1006,29.51,Dry,0.26,4
Dec-2016,2016,December,Nigeria,Kaduna,North West,241776,642,31.04,Dry,0.27,4
Dec-2016,2016,December,Nigeria,Borno,North East,103184,421,19.58,Dry,0.41,4
Dec-2016,2016,December,Nigeria,Kwara,North Central,19589,46,6.4,Dry,0.23,4
Dec-2016,2016,December,Nigeria,Lagos,South West,182443,251,15.02,Dry,0.14,4
Dec-2016,2016,December,Nigeria,Ogun,South West,99985,235,18.18,Dry,0.24,4
Dec-2016,2016,December,Nigeria,Rivers,South South,103364,304,16.03,Dry,0.29,4
Dec-2016,2016,December,Nigeria,Enugu,South East,76737,252,18.97,Dry,0.33,4
Jan-2017,2017,January,Nigeria,Kano,North West,330817,1456,24.35,Dry,0.44,1
Jan-2017,2017,January,Nigeria,Kaduna,North West,205359,755,25.72,Dry,0.37,1
Jan-2017,2017,January,Nigeria,Borno,North East,89743,320,16.61,Dry,0.36,1
Jan-2017,2017,January,Nigeria,Kwara,North Central,13805,43,4.4,Dry,0.31,1
Jan-2017,2017,January,Nigeria,Lagos,South West,156582,407,12.67,Dry,0.26,1
Jan-2017,2017,January,Nigeria,Ogun,South West,76920,220,13.64,Dry,0.29,1
Jan-2017,2017,January,Nigeria,Rivers,South South,104008,332,15.74,Dry,0.32,1
Jan-2017,2017,January,Nigeria,Enugu,South East,56987,178,13.75,Dry,0.31,1
Feb-2017,2017,February,Nigeria,Kano,North West,308823,909,22.73,Dry,0.29,1
Feb-2017,2017,February,Nigeria,Kaduna,North West,185805,520,23.27,Dry,0.28,1
Feb-2017,2017,February,Nigeria,Borno,North East,86237,408,15.96,Dry,0.47,1
Feb-2017,2017,February,Nigeria,Kwara,North Central,11856,33,3.78,Dry,0.28,1
Feb-2017,2017,February,Nigeria,Lagos,South West,149993,311,12.14,Dry,0.21,1
Feb-2017,2017,February,Nigeria,Ogun,South West,65465,138,11.61,Dry,0.21,1
Feb-2017,2017,February,Nigeria,Rivers,South South,87365,226,13.22,Dry,0.26,1
Feb-2017,2017,February,Nigeria,Enugu,South East,54713,166,13.2,Dry,0.30,1
Mar-2017,2017,March,Nigeria,Kano,North West,337516,1296,24.84,Dry,0.38,1
Mar-2017,2017,March,Nigeria,Kaduna,North West,199014,617,24.93,Dry,0.31,1
Mar-2017,2017,March,Nigeria,Borno,North East,96587,442,17.88,Dry,0.46,1
Mar-2017,2017,March,Nigeria,Kwara,North Central,16711,68,5.32,Dry,0.41,1
Mar-2017,2017,March,Nigeria,Lagos,South West,162887,295,13.18,Dry,0.18,1
Mar-2017,2017,March,Nigeria,Ogun,South West,79291,273,14.06,Dry,0.34,1
Mar-2017,2017,March,Nigeria,Rivers,South South,89270,279,13.51,Dry,0.31,1
Mar-2017,2017,March,Nigeria,Enugu,South East,69556,172,16.78,Dry,0.25,1
Apr-2017,2017,April,Nigeria,Kano,North West,327639,1115,24.11,Rainy,0.34,2
Apr-2017,2017,April,Nigeria,Kaduna,North West,184956,691,23.17,Rainy,0.37,2
Apr-2017,2017,April,Nigeria,Borno,North East,82856,317,15.34,Rainy,0.38,2
Apr-2017,2017,April,Nigeria,Kwara,North Central,15113,42,4.82,Rainy,0.28,2
Apr-2017,2017,April,Nigeria,Lagos,South West,156395,232,12.65,Rainy,0.15,2
Apr-2017,2017,April,Nigeria,Ogun,South West,67357,116,11.95,Rainy,0.17,2
Apr-2017,2017,April,Nigeria,Rivers,South South,93326,284,14.12,Rainy,0.30,2
Apr-2017,2017,April,Nigeria,Enugu,South East,61259,152,14.78,Rainy,0.25,2
May-2017,2017,May,Nigeria,Kano,North West,374646,1420,27.57,Rainy,0.38,2
May-2017,2017,May,Nigeria,Kaduna,North West,208370,699,26.1,Rainy,0.34,2
May-2017,2017,May,Nigeria,Borno,North East,102856,396,19.04,Rainy,0.39,2
May-2017,2017,May,Nigeria,Kwara,North Central,18977,43,6.05,Rainy,0.23,2
May-2017,2017,May,Nigeria,Lagos,South West,170609,376,13.8,Rainy,0.22,2
May-2017,2017,May,Nigeria,Ogun,South West,85689,279,15.2,Rainy,0.33,2
May-2017,2017,May,Nigeria,Rivers,South South,119022,354,18.01,Rainy,0.30,2
May-2017,2017,May,Nigeria,Enugu,South East,67133,220,16.19,Rainy,0.33,2
Jun-2017,2017,June,Nigeria,Kano,North West,432218,1580,31.81,Rainy,0.37,2
Jun-2017,2017,June,Nigeria,Kaduna,North West,266616,1034,33.4,Rainy,0.39,2
Jun-2017,2017,June,Nigeria,Borno,North East,130627,546,24.18,Rainy,0.42,2
Jun-2017,2017,June,Nigeria,Kwara,North Central,19421,59,6.19,Rainy,0.30,2
Jun-2017,2017,June,Nigeria,Lagos,South West,207322,434,16.78,Rainy,0.21,2
Jun-2017,2017,June,Nigeria,Ogun,South West,93920,295,16.66,Rainy,0.31,2
Jun-2017,2017,June,Nigeria,Rivers,South South,126695,344,19.17,Rainy,0.27,2
Jun-2017,2017,June,Nigeria,Enugu,South East,91269,243,22.02,Rainy,0.27,2
Jul-2017,2017,July,Nigeria,Kano,North West,591221,1862,43.52,Rainy,0.31,3
Jul-2017,2017,July,Nigeria,Kaduna,North West,297409,838,37.25,Rainy,0.28,3
Jul-2017,2017,July,Nigeria,Borno,North East,161721,651,29.94,Rainy,0.40,3
Jul-2017,2017,July,Nigeria,Kwara,North Central,21930,75,6.99,Rainy,0.34,3
Jul-2017,2017,July,Nigeria,Lagos,South West,271691,269,21.98,Rainy,0.10,3
Jul-2017,2017,July,Nigeria,Ogun,South West,118465,372,21.01,Rainy,0.31,3
Jul-2017,2017,July,Nigeria,Rivers,South South,161833,514,24.49,Rainy,0.32,3
Jul-2017,2017,July,Nigeria,Enugu,South East,97383,232,23.49,Rainy,0.24,3
Aug-2017,2017,August,Nigeria,Kano,North West,588575,2108,43.32,Rainy,0.36,3
Aug-2017,2017,August,Nigeria,Kaduna,North West,328768,1041,41.18,Rainy,0.32,3
Aug-2017,2017,August,Nigeria,Borno,North East,143896,694,26.64,Rainy,0.48,3
Aug-2017,2017,August,Nigeria,Kwara,North Central,23612,78,7.52,Rainy,0.33,3
Aug-2017,2017,August,Nigeria,Lagos,South West,260537,522,21.08,Rainy,0.20,3
Aug-2017,2017,August,Nigeria,Ogun,South West,111135,254,19.71,Rainy,0.23,3
Aug-2017,2017,August,Nigeria,Rivers,South South,149037,381,22.55,Rainy,0.26,3
Aug-2017,2017,August,Nigeria,Enugu,South East,104041,315,25.1,Rainy,0.30,3
Sep-2017,2017,September,Nigeria,Kano,North West,613844,1800,45.18,Rainy,0.29,3
Sep-2017,2017,September,Nigeria,Kaduna,North West,374478,1098,46.91,Rainy,0.29,3
Sep-2017,2017,September,Nigeria,Borno,North East,166698,688,30.86,Rainy,0.41,3
Sep-2017,2017,September,Nigeria,Kwara,North Central,28335,69,9.03,Rainy,0.24,3
Sep-2017,2017,September,Nigeria,Lagos,South West,347122,605,28.09,Rainy,0.17,3
Sep-2017,2017,September,Nigeria,Ogun,South West,133743,436,23.72,Rainy,0.33,3
Sep-2017,2017,September,Nigeria,Rivers,South South,180197,453,27.27,Rainy,0.25,3
Sep-2017,2017,September,Nigeria,Enugu,South East,112584,335,27.16,Rainy,0.30,3
Oct-2017,2017,October,Nigeria,Kano,North West,547745,1586,40.32,Rainy,0.29,4
Oct-2017,2017,October,Nigeria,Kaduna,North West,260087,933,32.58,Rainy,0.36,4
Oct-2017,2017,October,Nigeria,Borno,North East,124457,447,23.04,Rainy,0.36,4
Oct-2017,2017,October,Nigeria,Kwara,North Central,20083,69,6.4,Rainy,0.34,4
Oct-2017,2017,October,Nigeria,Lagos,South West,224036,387,18.13,Rainy,0.17,4
Oct-2017,2017,October,Nigeria,Ogun,South West,91509,182,16.23,Rainy,0.20,4
Oct-2017,2017,October,Nigeria,Rivers,South South,154893,368,23.44,Rainy,0.24,4
Oct-2017,2017,October,Nigeria,Enugu,South East,97793,319,23.59,Rainy,0.33,4
Nov-2017,2017,November,Nigeria,Kano,North West,568482,1699,41.84,Dry,0.30,4
Nov-2017,2017,November,Nigeria,Kaduna,North West,271834,819,34.05,Dry,0.30,4
Nov-2017,2017,November,Nigeria,Borno,North East,148130,638,27.42,Dry,0.43,4
Nov-2017,2017,November,Nigeria,Kwara,North Central,24900,70,7.93,Dry,0.28,4
Nov-2017,2017,November,Nigeria,Lagos,South West,258931,452,20.95,Dry,0.17,4
Nov-2017,2017,November,Nigeria,Ogun,South West,120008,307,21.28,Dry,0.26,4
Nov-2017,2017,November,Nigeria,Rivers,South South,150020,424,22.7,Dry,0.28,4
Nov-2017,2017,November,Nigeria,Enugu,South East,117251,334,28.29,Dry,0.28,4
Dec-2017,2017,December,Nigeria,Kano,North West,388098,910,28.56,Dry,0.23,4
Dec-2017,2017,December,Nigeria,Kaduna,North West,217896,939,27.29,Dry,0.43,4
Dec-2017,2017,December,Nigeria,Borno,North East,106180,313,19.66,Dry,0.29,4
Dec-2017,2017,December,Nigeria,Kwara,North Central,16965,34,5.41,Dry,0.20,4
Dec-2017,2017,December,Nigeria,Lagos,South West,188420,260,15.25,Dry,0.14,4
Dec-2017,2017,December,Nigeria,Ogun,South West,83480,203,14.81,Dry,0.24,4
Dec-2017,2017,December,Nigeria,Rivers,South South,119451,386,18.08,Dry,0.32,4
Dec-2017,2017,December,Nigeria,Enugu,South East,84984,227,20.5,Dry,0.27,4
Jan-2018,2018,January,Nigeria,Kano,North West,329416,995,23.63,Dry,0.30,1
Jan-2018,2018,January,Nigeria,Kaduna,North West,169083,683,20.66,Dry,0.40,1
Jan-2018,2018,January,Nigeria,Borno,North East,79820,214,14.42,Dry,0.27,1
Jan-2018,2018,January,Nigeria,Kwara,North Central,13034,36,4.05,Dry,0.28,1
Jan-2018,2018,January,Nigeria,Lagos,South West,135009,267,10.73,Dry,0.20,1
Jan-2018,2018,January,Nigeria,Ogun,South West,74406,208,12.87,Dry,0.28,1
Jan-2018,2018,January,Nigeria,Rivers,South South,98924,292,14.6,Dry,0.30,1
Jan-2018,2018,January,Nigeria,Enugu,South East,51814,125,12.19,Dry,0.24,1
Feb-2018,2018,February,Nigeria,Kano,North West,281835,758,20.21,Dry,0.27,1
Feb-2018,2018,February,Nigeria,Kaduna,North West,172021,632,21.02,Dry,0.37,1
Feb-2018,2018,February,Nigeria,Borno,North East,85109,330,15.37,Dry,0.39,1
Feb-2018,2018,February,Nigeria,Kwara,North Central,13898,38,4.32,Dry,0.27,1
Feb-2018,2018,February,Nigeria,Lagos,South West,149746,264,11.91,Dry,0.18,1
Feb-2018,2018,February,Nigeria,Ogun,South West,81417,194,14.09,Dry,0.24,1
Feb-2018,2018,February,Nigeria,Rivers,South South,98968,256,14.61,Dry,0.26,1
Feb-2018,2018,February,Nigeria,Enugu,South East,61506,155,14.48,Dry,0.25,1
Mar-2018,2018,March,Nigeria,Kano,North West,394061,1074,28.26,Dry,0.27,1
Mar-2018,2018,March,Nigeria,Kaduna,North West,224688,657,27.46,Dry,0.29,1
Mar-2018,2018,March,Nigeria,Borno,North East,109359,400,19.75,Dry,0.37,1
Mar-2018,2018,March,Nigeria,Kwara,North Central,18008,52,5.6,Dry,0.29,1
Mar-2018,2018,March,Nigeria,Lagos,South West,188418,407,14.98,Dry,0.22,1
Mar-2018,2018,March,Nigeria,Ogun,South West,79925,185,13.83,Dry,0.23,1
Mar-2018,2018,March,Nigeria,Rivers,South South,131976,334,19.48,Dry,0.25,1
Mar-2018,2018,March,Nigeria,Enugu,South East,77762,195,18.3,Dry,0.25,1
Apr-2018,2018,April,Nigeria,Kano,North West,284437,836,20.4,Rainy,0.29,2
Apr-2018,2018,April,Nigeria,Kaduna,North West,180362,566,22.04,Rainy,0.31,2
Apr-2018,2018,April,Nigeria,Borno,North East,87576,397,15.82,Rainy,0.45,2
Apr-2018,2018,April,Nigeria,Kwara,North Central,13428,42,4.17,Rainy,0.31,2
Apr-2018,2018,April,Nigeria,Lagos,South West,170925,287,13.59,Rainy,0.17,2
Apr-2018,2018,April,Nigeria,Ogun,South West,78934,212,13.66,Rainy,0.27,2
Apr-2018,2018,April,Nigeria,Rivers,South South,100299,177,14.81,Rainy,0.18,2
Apr-2018,2018,April,Nigeria,Enugu,South East,65365,192,15.38,Rainy,0.29,2
May-2018,2018,May,Nigeria,Kano,North West,400866,1122,28.75,Rainy,0.28,2
May-2018,2018,May,Nigeria,Kaduna,North West,223076,579,27.26,Rainy,0.26,2
May-2018,2018,May,Nigeria,Borno,North East,95199,417,17.19,Rainy,0.44,2
May-2018,2018,May,Nigeria,Kwara,North Central,16108,44,5.01,Rainy,0.27,2
May-2018,2018,May,Nigeria,Lagos,South West,187920,414,14.94,Rainy,0.22,2
May-2018,2018,May,Nigeria,Ogun,South West,84282,245,14.58,Rainy,0.29,2
May-2018,2018,May,Nigeria,Rivers,South South,108572,274,16.03,Rainy,0.25,2
May-2018,2018,May,Nigeria,Enugu,South East,70936,215,16.69,Rainy,0.30,2
Jun-2018,2018,June,Nigeria,Kano,North West,415999,1667,29.84,Rainy,0.40,2
Jun-2018,2018,June,Nigeria,Kaduna,North West,243529,1030,29.76,Rainy,0.42,2
Jun-2018,2018,June,Nigeria,Borno,North East,132538,522,23.94,Rainy,0.39,2
Jun-2018,2018,June,Nigeria,Kwara,North Central,21102,52,6.56,Rainy,0.25,2
Jun-2018,2018,June,Nigeria,Lagos,South West,230139,333,18.3,Rainy,0.14,2
Jun-2018,2018,June,Nigeria,Ogun,South West,104445,317,18.07,Rainy,0.30,2
Jun-2018,2018,June,Nigeria,Rivers,South South,142449,467,21.03,Rainy,0.33,2
Jun-2018,2018,June,Nigeria,Enugu,South East,78390,214,18.45,Rainy,0.27,2
Jul-2018,2018,July,Nigeria,Kano,North West,648024,1784,46.48,Rainy,0.28,3
Jul-2018,2018,July,Nigeria,Kaduna,North West,371619,1164,45.42,Rainy,0.31,3
Jul-2018,2018,July,Nigeria,Borno,North East,164971,646,29.8,Rainy,0.39,3
Jul-2018,2018,July,Nigeria,Kwara,North Central,30274,76,9.41,Rainy,0.25,3
Jul-2018,2018,July,Nigeria,Lagos,South West,302465,666,24.05,Rainy,0.22,3
Jul-2018,2018,July,Nigeria,Ogun,South West,133959,347,23.18,Rainy,0.26,3
Jul-2018,2018,July,Nigeria,Rivers,South South,171838,320,25.37,Rainy,0.19,3
Jul-2018,2018,July,Nigeria,Enugu,South East,109084,381,25.67,Rainy,0.35,3
Aug-2018,2018,August,Nigeria,Kano,North West,502623,1756,36.05,Rainy,0.35,3
Aug-2018,2018,August,Nigeria,Kaduna,North West,330043,788,40.33,Rainy,0.24,3
Aug-2018,2018,August,Nigeria,Borno,North East,145192,668,26.22,Rainy,0.46,3
Aug-2018,2018,August,Nigeria,Kwara,North Central,25693,73,7.99,Rainy,0.28,3
Aug-2018,2018,August,Nigeria,Lagos,South West,271992,513,21.63,Rainy,0.19,3
Aug-2018,2018,August,Nigeria,Ogun,South West,139582,391,24.15,Rainy,0.28,3
Aug-2018,2018,August,Nigeria,Rivers,South South,139340,285,20.57,Rainy,0.20,3
Aug-2018,2018,August,Nigeria,Enugu,South East,103767,251,24.42,Rainy,0.24,3
Sep-2018,2018,September,Nigeria,Kano,North West,623399,1909,44.71,Rainy,0.31,3
Sep-2018,2018,September,Nigeria,Kaduna,North West,351651,1006,42.97,Rainy,0.29,3
Sep-2018,2018,September,Nigeria,Borno,North East,148285,688,26.78,Rainy,0.46,3
Sep-2018,2018,September,Nigeria,Kwara,North Central,26970,58,8.38,Rainy,0.22,3
Sep-2018,2018,September,Nigeria,Lagos,South West,294154,557,23.39,Rainy,0.19,3
Sep-2018,2018,September,Nigeria,Ogun,South West,141577,441,24.5,Rainy,0.31,3
Sep-2018,2018,September,Nigeria,Rivers,South South,173281,537,25.58,Rainy,0.31,3
Sep-2018,2018,September,Nigeria,Enugu,South East,110440,276,25.99,Rainy,0.25,3
Oct-2018,2018,October,Nigeria,Kano,North West,672703,1632,48.25,Rainy,0.24,4
Oct-2018,2018,October,Nigeria,Kaduna,North West,380144,1392,46.46,Rainy,0.37,4
Oct-2018,2018,October,Nigeria,Borno,North East,184517,803,33.33,Rainy,0.44,4
Oct-2018,2018,October,Nigeria,Kwara,North Central,28865,83,8.97,Rainy,0.29,4
Oct-2018,2018,October,Nigeria,Lagos,South West,341538,574,27.15,Rainy,0.17,4
Oct-2018,2018,October,Nigeria,Ogun,South West,140596,364,24.33,Rainy,0.26,4
Oct-2018,2018,October,Nigeria,Rivers,South South,191215,481,28.23,Rainy,0.25,4
Oct-2018,2018,October,Nigeria,Enugu,South East,136641,337,32.16,Rainy,0.25,4
Nov-2018,2018,November,Nigeria,Kano,North West,483319,1302,34.67,Dry,0.27,4
Nov-2018,2018,November,Nigeria,Kaduna,North West,255622,740,31.24,Dry,0.29,4
Nov-2018,2018,November,Nigeria,Borno,North East,144081,504,26.02,Dry,0.35,4
Nov-2018,2018,November,Nigeria,Kwara,North Central,24441,80,7.6,Dry,0.33,4
Nov-2018,2018,November,Nigeria,Lagos,South West,232959,289,18.52,Dry,0.12,4
Nov-2018,2018,November,Nigeria,Ogun,South West,108211,325,18.72,Dry,0.30,4
Nov-2018,2018,November,Nigeria,Rivers,South South,138744,386,20.48,Dry,0.28,4
Nov-2018,2018,November,Nigeria,Enugu,South East,78141,213,18.39,Dry,0.27,4
Dec-2018,2018,December,Nigeria,Kano,North West,374232,1036,26.84,Dry,0.28,4
Dec-2018,2018,December,Nigeria,Kaduna,North West,233931,676,28.59,Dry,0.29,4
Dec-2018,2018,December,Nigeria,Borno,North East,104266,497,18.83,Dry,0.48,4
Dec-2018,2018,December,Nigeria,Kwara,North Central,18293,57,5.69,Dry,0.31,4
Dec-2018,2018,December,Nigeria,Lagos,South West,213323,357,16.96,Dry,0.17,4
Dec-2018,2018,December,Nigeria,Ogun,South West,97909,257,16.94,Dry,0.26,4
Dec-2018,2018,December,Nigeria,Rivers,South South,117488,301,17.34,Dry,0.26,4
Dec-2018,2018,December,Nigeria,Enugu,South East,81680,248,19.22,Dry,0.30,4
Jan-2019,2019,January,Nigeria,Kano,North West,340268,1196,23.78,Dry,0.35,1
Jan-2019,2019,January,Nigeria,Kaduna,North West,200477,551,23.9,Dry,0.27,1
Jan-2019,2019,January,Nigeria,Borno,North East,93930,335,16.55,Dry,0.36,1
Jan-2019,2019,January,Nigeria,Kwara,North Central,15620,36,4.74,Dry,0.23,1
Jan-2019,2019,January,Nigeria,Lagos,South West,195437,365,15.27,Dry,0.19,1
Jan-2019,2019,January,Nigeria,Ogun,South West,86019,248,14.52,Dry,0.29,1
Jan-2019,2019,January,Nigeria,Rivers,South South,105312,304,15.17,Dry,0.29,1
Jan-2019,2019,January,Nigeria,Enugu,South East,75464,168,17.33,Dry,0.22,1
Feb-2019,2019,February,Nigeria,Kano,North West,352827,787,24.66,Dry,0.22,1
Feb-2019,2019,February,Nigeria,Kaduna,North West,176349,503,21.03,Dry,0.29,1
Feb-2019,2019,February,Nigeria,Borno,North East,90589,371,15.96,Dry,0.41,1
Feb-2019,2019,February,Nigeria,Kwara,North Central,16615,49,5.04,Dry,0.29,1
Feb-2019,2019,February,Nigeria,Lagos,South West,156943,297,12.26,Dry,0.19,1
Feb-2019,2019,February,Nigeria,Ogun,South West,69316,173,11.7,Dry,0.25,1
Feb-2019,2019,February,Nigeria,Rivers,South South,114361,258,16.47,Dry,0.23,1
Feb-2019,2019,February,Nigeria,Enugu,South East,69956,211,16.06,Dry,0.30,1
Mar-2019,2019,March,Nigeria,Kano,North West,409025,1110,28.59,Dry,0.27,1
Mar-2019,2019,March,Nigeria,Kaduna,North West,238745,730,28.47,Dry,0.31,1
Mar-2019,2019,March,Nigeria,Borno,North East,111866,426,19.71,Dry,0.38,1
Mar-2019,2019,March,Nigeria,Kwara,North Central,18096,49,5.49,Dry,0.27,1
Mar-2019,2019,March,Nigeria,Lagos,South West,212598,417,16.61,Dry,0.20,1
Mar-2019,2019,March,Nigeria,Ogun,South West,94989,254,16.03,Dry,0.27,1
Mar-2019,2019,March,Nigeria,Rivers,South South,119415,236,17.2,Dry,0.20,1
Mar-2019,2019,March,Nigeria,Enugu,South East,74733,170,17.16,Dry,0.23,1
Apr-2019,2019,April,Nigeria,Kano,North West,300658,835,21.01,Rainy,0.28,2
Apr-2019,2019,April,Nigeria,Kaduna,North West,187750,586,22.39,Rainy,0.31,2
Apr-2019,2019,April,Nigeria,Borno,North East,90350,395,15.92,Rainy,0.44,2
Apr-2019,2019,April,Nigeria,Kwara,North Central,13538,34,4.11,Rainy,0.25,2
Apr-2019,2019,April,Nigeria,Lagos,South West,165090,290,12.9,Rainy,0.18,2
Apr-2019,2019,April,Nigeria,Ogun,South West,71463,193,12.06,Rainy,0.27,2
Apr-2019,2019,April,Nigeria,Rivers,South South,90940,260,13.1,Rainy,0.29,2
Apr-2019,2019,April,Nigeria,Enugu,South East,63447,166,14.57,Rainy,0.26,2
May-2019,2019,May,Nigeria,Kano,North West,365028,821,25.51,Rainy,0.22,2
May-2019,2019,May,Nigeria,Kaduna,North West,214183,810,25.54,Rainy,0.38,2
May-2019,2019,May,Nigeria,Borno,North East,80791,297,14.24,Rainy,0.37,2
May-2019,2019,May,Nigeria,Kwara,North Central,16765,43,5.08,Rainy,0.26,2
May-2019,2019,May,Nigeria,Lagos,South West,184045,350,14.38,Rainy,0.19,2
May-2019,2019,May,Nigeria,Ogun,South West,79230,224,13.37,Rainy,0.28,2
May-2019,2019,May,Nigeria,Rivers,South South,108104,255,15.57,Rainy,0.24,2
May-2019,2019,May,Nigeria,Enugu,South East,68607,161,15.75,Rainy,0.23,2
Jun-2019,2019,June,Nigeria,Kano,North West,387593,1331,27.09,Rainy,0.34,2
Jun-2019,2019,June,Nigeria,Kaduna,North West,236352,871,28.18,Rainy,0.37,2
Jun-2019,2019,June,Nigeria,Borno,North East,97963,400,17.26,Rainy,0.41,2
Jun-2019,2019,June,Nigeria,Kwara,North Central,19742,65,5.99,Rainy,0.33,2
Jun-2019,2019,June,Nigeria,Lagos,South West,190468,259,14.88,Rainy,0.14,2
Jun-2019,2019,June,Nigeria,Ogun,South West,83081,229,14.02,Rainy,0.28,2
Jun-2019,2019,June,Nigeria,Rivers,South South,129865,394,18.7,Rainy,0.30,2
Jun-2019,2019,June,Nigeria,Enugu,South East,75326,181,17.3,Rainy,0.24,2
Jul-2019,2019,July,Nigeria,Kano,North West,536800,1329,37.52,Rainy,0.25,3
Jul-2019,2019,July,Nigeria,Kaduna,North West,345657,825,41.21,Rainy,0.24,3
Jul-2019,2019,July,Nigeria,Borno,North East,136511,545,24.05,Rainy,0.40,3
Jul-2019,2019,July,Nigeria,Kwara,North Central,24203,69,7.34,Rainy,0.29,3
Jul-2019,2019,July,Nigeria,Lagos,South West,243486,506,19.02,Rainy,0.21,3
Jul-2019,2019,July,Nigeria,Ogun,South West,125407,300,21.17,Rainy,0.24,3
Jul-2019,2019,July,Nigeria,Rivers,South South,160297,393,23.09,Rainy,0.25,3
Jul-2019,2019,July,Nigeria,Enugu,South East,106506,284,24.46,Rainy,0.27,3
Aug-2019,2019,August,Nigeria,Kano,North West,646334,2099,45.17,Rainy,0.32,3
Aug-2019,2019,August,Nigeria,Kaduna,North West,338014,1053,40.3,Rainy,0.31,3
Aug-2019,2019,August,Nigeria,Borno,North East,163186,876,28.75,Rainy,0.54,3
Aug-2019,2019,August,Nigeria,Kwara,North Central,31539,86,9.56,Rainy,0.27,3
Aug-2019,2019,August,Nigeria,Lagos,South West,303977,430,23.75,Rainy,0.14,3
Aug-2019,2019,August,Nigeria,Ogun,South West,160908,506,27.16,Rainy,0.31,3
Aug-2019,2019,August,Nigeria,Rivers,South South,212573,682,30.62,Rainy,0.32,3
Aug-2019,2019,August,Nigeria,Enugu,South East,127625,428,29.3,Rainy,0.34,3
Sep-2019,2019,September,Nigeria,Kano,North West,553610,1959,38.69,Rainy,0.35,3
Sep-2019,2019,September,Nigeria,Kaduna,North West,379758,1112,45.28,Rainy,0.29,3
Sep-2019,2019,September,Nigeria,Borno,North East,167876,675,29.58,Rainy,0.40,3
Sep-2019,2019,September,Nigeria,Kwara,North Central,29622,128,8.98,Rainy,0.43,3
Sep-2019,2019,September,Nigeria,Lagos,South West,301594,601,23.56,Rainy,0.20,3
Sep-2019,2019,September,Nigeria,Ogun,South West,153881,412,25.98,Rainy,0.27,3
Sep-2019,2019,September,Nigeria,Rivers,South South,193513,395,27.87,Rainy,0.20,3
Sep-2019,2019,September,Nigeria,Enugu,South East,128244,341,29.45,Rainy,0.27,3
Oct-2019,2019,October,Nigeria,Kano,North West,608990,1974,42.56,Rainy,0.32,4
Oct-2019,2019,October,Nigeria,Kaduna,North West,390913,1189,46.61,Rainy,0.30,4
Oct-2019,2019,October,Nigeria,Borno,North East,150602,635,26.54,Rainy,0.42,4
Oct-2019,2019,October,Nigeria,Kwara,North Central,28237,77,8.56,Rainy,0.27,4
Oct-2019,2019,October,Nigeria,Lagos,South West,316880,551,24.76,Rainy,0.17,4
Oct-2019,2019,October,Nigeria,Ogun,South West,156046,410,26.34,Rainy,0.26,4
Oct-2019,2019,October,Nigeria,Rivers,South South,174679,531,25.16,Rainy,0.30,4
Oct-2019,2019,October,Nigeria,Enugu,South East,125462,346,28.81,Rainy,0.28,4
Nov-2019,2019,November,Nigeria,Kano,North West,544844,1795,38.08,Dry,0.33,4
Nov-2019,2019,November,Nigeria,Kaduna,North West,280625,722,33.46,Dry,0.26,4
Nov-2019,2019,November,Nigeria,Borno,North East,146807,578,25.87,Dry,0.39,4
Nov-2019,2019,November,Nigeria,Kwara,North Central,22954,58,6.96,Dry,0.25,4
Nov-2019,2019,November,Nigeria,Lagos,South West,248561,385,19.42,Dry,0.15,4
Nov-2019,2019,November,Nigeria,Ogun,South West,106695,258,18.01,Dry,0.24,4
Nov-2019,2019,November,Nigeria,Rivers,South South,149361,364,21.51,Dry,0.24,4
Nov-2019,2019,November,Nigeria,Enugu,South East,95058,186,21.83,Dry,0.20,4
Dec-2019,2019,December,Nigeria,Kano,North West,492310,1151,34.41,Dry,0.23,4
Dec-2019,2019,December,Nigeria,Kaduna,North West,296939,981,35.4,Dry,0.33,4
Dec-2019,2019,December,Nigeria,Borno,North East,135864,509,23.94,Dry,0.37,4
Dec-2019,2019,December,Nigeria,Kwara,North Central,21814,57,6.62,Dry,0.26,4
Dec-2019,2019,December,Nigeria,Lagos,South West,220398,382,17.22,Dry,0.17,4
Dec-2019,2019,December,Nigeria,Ogun,South West,103033,281,17.39,Dry,0.27,4
Dec-2019,2019,December,Nigeria,Rivers,South South,154450,280,22.25,Dry,0.18,4
Dec-2019,2019,December,Nigeria,Enugu,South East,100009,336,22.96,Dry,0.34,4
Jan-2020,2020,January,Nigeria,Kano,North West,362195,1173,24.67,Dry,0.32,1
Jan-2020,2020,January,Nigeria,Kaduna,North West,196748,567,22.89,Dry,0.29,1
Jan-2020,2020,January,Nigeria,Borno,North East,102077,424,17.55,Dry,0.42,1
Jan-2020,2020,January,Nigeria,Kwara,North Central,15681,39,4.64,Dry,0.25,1
Jan-2020,2020,January,Nigeria,Lagos,South West,179595,232,13.79,Dry,0.13,1
Jan-2020,2020,January,Nigeria,Ogun,South West,81875,207,13.48,Dry,0.25,1
Jan-2020,2020,January,Nigeria,Rivers,South South,104812,325,14.73,Dry,0.31,1
Jan-2020,2020,January,Nigeria,Enugu,South East,62300,151,13.96,Dry,0.24,1
Feb-2020,2020,February,Nigeria,Kano,North West,389434,1338,26.52,Dry,0.34,1
Feb-2020,2020,February,Nigeria,Kaduna,North West,207838,513,24.18,Dry,0.25,1
Feb-2020,2020,February,Nigeria,Borno,North East,98292,447,16.9,Dry,0.45,1
Feb-2020,2020,February,Nigeria,Kwara,North Central,17400,52,5.15,Dry,0.30,1
Feb-2020,2020,February,Nigeria,Lagos,South West,176148,310,13.52,Dry,0.18,1
Feb-2020,2020,February,Nigeria,Ogun,South West,76480,206,12.6,Dry,0.27,1
Feb-2020,2020,February,Nigeria,Rivers,South South,96041,266,13.5,Dry,0.28,1
Feb-2020,2020,February,Nigeria,Enugu,South East,71983,190,16.13,Dry,0.26,1
Mar-2020,2020,March,Nigeria,Kano,North West,408164,903,27.8,Dry,0.22,1
Mar-2020,2020,March,Nigeria,Kaduna,North West,242062,703,28.16,Dry,0.29,1
Mar-2020,2020,March,Nigeria,Borno,North East,106885,341,18.37,Dry,0.32,1
Mar-2020,2020,March,Nigeria,Kwara,North Central,20964,62,6.2,Dry,0.30,1
Mar-2020,2020,March,Nigeria,Lagos,South West,191864,268,14.73,Dry,0.14,1
Mar-2020,2020,March,Nigeria,Ogun,South West,101681,270,16.75,Dry,0.27,1
Mar-2020,2020,March,Nigeria,Rivers,South South,127300,289,17.89,Dry,0.23,1
Mar-2020,2020,March,Nigeria,Enugu,South East,79343,213,17.77,Dry,0.27,1
Apr-2020,2020,April,Nigeria,Kano,North West,317266,783,21.61,Rainy,0.25,2
Apr-2020,2020,April,Nigeria,Kaduna,North West,223181,649,25.96,Rainy,0.29,2
Apr-2020,2020,April,Nigeria,Borno,North East,89768,332,15.43,Rainy,0.37,2
Apr-2020,2020,April,Nigeria,Kwara,North Central,16961,37,5.02,Rainy,0.22,2
Apr-2020,2020,April,Nigeria,Lagos,South West,171874,340,13.19,Rainy,0.20,2
Apr-2020,2020,April,Nigeria,Ogun,South West,78665,206,12.96,Rainy,0.26,2
Apr-2020,2020,April,Nigeria,Rivers,South South,99314,243,13.96,Rainy,0.24,2
Apr-2020,2020,April,Nigeria,Enugu,South East,74306,202,16.65,Rainy,0.27,2
May-2020,2020,May,Nigeria,Kano,North West,434923,932,29.62,Rainy,0.21,2
May-2020,2020,May,Nigeria,Kaduna,North West,231315,832,26.91,Rainy,0.36,2
May-2020,2020,May,Nigeria,Borno,North East,110435,385,18.98,Rainy,0.35,2
May-2020,2020,May,Nigeria,Kwara,North Central,15907,47,4.71,Rainy,0.30,2
May-2020,2020,May,Nigeria,Lagos,South West,202597,343,15.55,Rainy,0.17,2
May-2020,2020,May,Nigeria,Ogun,South West,87592,162,14.43,Rainy,0.18,2
May-2020,2020,May,Nigeria,Rivers,South South,110228,261,15.49,Rainy,0.24,2
May-2020,2020,May,Nigeria,Enugu,South East,77724,218,17.41,Rainy,0.28,2
Jun-2020,2020,June,Nigeria,Kano,North West,517979,1488,35.28,Rainy,0.29,2
Jun-2020,2020,June,Nigeria,Kaduna,North West,290965,825,33.85,Rainy,0.28,2
Jun-2020,2020,June,Nigeria,Borno,North East,118685,473,20.4,Rainy,0.40,2
Jun-2020,2020,June,Nigeria,Kwara,North Central,22543,60,6.67,Rainy,0.27,2
Jun-2020,2020,June,Nigeria,Lagos,South West,254384,409,19.53,Rainy,0.16,2
Jun-2020,2020,June,Nigeria,Ogun,South West,93452,274,15.39,Rainy,0.29,2
Jun-2020,2020,June,Nigeria,Rivers,South South,150435,428,21.14,Rainy,0.28,2
Jun-2020,2020,June,Nigeria,Enugu,South East,88385,184,19.8,Rainy,0.21,2
Jul-2020,2020,July,Nigeria,Kano,North West,575585,1428,39.2,Rainy,0.25,3
Jul-2020,2020,July,Nigeria,Kaduna,North West,341071,1157,39.67,Rainy,0.34,3
Jul-2020,2020,July,Nigeria,Borno,North East,149357,570,25.68,Rainy,0.38,3
Jul-2020,2020,July,Nigeria,Kwara,North Central,26789,87,7.93,Rainy,0.32,3
Jul-2020,2020,July,Nigeria,Lagos,South West,285654,509,21.93,Rainy,0.18,3
Jul-2020,2020,July,Nigeria,Ogun,South West,127451,275,20.99,Rainy,0.22,3
Jul-2020,2020,July,Nigeria,Rivers,South South,170941,452,24.02,Rainy,0.26,3
Jul-2020,2020,July,Nigeria,Enugu,South East,124306,344,27.85,Rainy,0.28,3
Aug-2020,2020,August,Nigeria,Kano,North West,721744,2191,49.16,Rainy,0.30,3
Aug-2020,2020,August,Nigeria,Kaduna,North West,329936,902,38.38,Rainy,0.27,3
Aug-2020,2020,August,Nigeria,Borno,North East,189136,542,32.51,Rainy,0.29,3
Aug-2020,2020,August,Nigeria,Kwara,North Central,31886,79,9.43,Rainy,0.25,3
Aug-2020,2020,August,Nigeria,Lagos,South West,321088,484,24.65,Rainy,0.15,3
Aug-2020,2020,August,Nigeria,Ogun,South West,126879,271,20.9,Rainy,0.21,3
Aug-2020,2020,August,Nigeria,Rivers,South South,211788,405,29.76,Rainy,0.19,3
Aug-2020,2020,August,Nigeria,Enugu,South East,125102,338,28.02,Rainy,0.27,3
Sep-2020,2020,September,Nigeria,Kano,North West,689045,2386,46.93,Rainy,0.35,3
Sep-2020,2020,September,Nigeria,Kaduna,North West,414029,1562,48.16,Rainy,0.38,3
Sep-2020,2020,September,Nigeria,Borno,North East,205008,836,35.24,Rainy,0.41,3
Sep-2020,2020,September,Nigeria,Kwara,North Central,33077,76,9.79,Rainy,0.23,3
Sep-2020,2020,September,Nigeria,Lagos,South West,340392,475,26.13,Rainy,0.14,3
Sep-2020,2020,September,Nigeria,Ogun,South West,154806,416,25.49,Rainy,0.27,3
Sep-2020,2020,September,Nigeria,Rivers,South South,213750,567,30.04,Rainy,0.27,3
Sep-2020,2020,September,Nigeria,Enugu,South East,133542,408,29.91,Rainy,0.31,3
Oct-2020,2020,October,Nigeria,Kano,North West,726306,2008,49.47,Rainy,0.28,4
Oct-2020,2020,October,Nigeria,Kaduna,North West,445285,1527,51.8,Rainy,0.34,4
Oct-2020,2020,October,Nigeria,Borno,North East,179752,542,30.9,Rainy,0.30,4
Oct-2020,2020,October,Nigeria,Kwara,North Central,32532,76,9.63,Rainy,0.23,4
Oct-2020,2020,October,Nigeria,Lagos,South West,353904,680,27.17,Rainy,0.19,4
Oct-2020,2020,October,Nigeria,Ogun,South West,152627,357,25.14,Rainy,0.23,4
Oct-2020,2020,October,Nigeria,Rivers,South South,181953,473,25.57,Rainy,0.26,4
Oct-2020,2020,October,Nigeria,Enugu,South East,143740,315,32.2,Rainy,0.22,4
Nov-2020,2020,November,Nigeria,Kano,North West,577743,1248,39.35,Dry,0.22,4
Nov-2020,2020,November,Nigeria,Kaduna,North West,356357,1037,41.45,Dry,0.29,4
Nov-2020,2020,November,Nigeria,Borno,North East,162547,600,27.94,Dry,0.37,4
Nov-2020,2020,November,Nigeria,Kwara,North Central,26728,75,7.91,Dry,0.28,4
Nov-2020,2020,November,Nigeria,Lagos,South West,289162,412,22.2,Dry,0.14,4
Nov-2020,2020,November,Nigeria,Ogun,South West,128001,259,21.08,Dry,0.20,4
Nov-2020,2020,November,Nigeria,Rivers,South South,154010,396,21.64,Dry,0.26,4
Nov-2020,2020,November,Nigeria,Enugu,South East,121788,333,27.28,Dry,0.27,4
Dec-2020,2020,December,Nigeria,Kano,North West,397048,1191,27.04,Dry,0.30,4
Dec-2020,2020,December,Nigeria,Kaduna,North West,241674,600,28.11,Dry,0.25,4
Dec-2020,2020,December,Nigeria,Borno,North East,95980,437,16.5,Dry,0.46,4
Dec-2020,2020,December,Nigeria,Kwara,North Central,21263,72,6.29,Dry,0.34,4
Dec-2020,2020,December,Nigeria,Lagos,South West,217576,451,16.7,Dry,0.21,4
Dec-2020,2020,December,Nigeria,Ogun,South West,102907,273,16.95,Dry,0.27,4
Dec-2020,2020,December,Nigeria,Rivers,South South,128350,256,18.04,Dry,0.20,4
Dec-2020,2020,December,Nigeria,Enugu,South East,85221,204,19.09,Dry,0.24,4
Jan-2021,2021,January,Nigeria,Kano,North West,345155,1012,22.91,Dry,0.29,1
Jan-2021,2021,January,Nigeria,Kaduna,North West,186294,517,21.14,Dry,0.28,1
Jan-2021,2021,January,Nigeria,Borno,North East,99239,427,16.64,Dry,0.43,1
Jan-2021,2021,January,Nigeria,Kwara,North Central,17463,40,5.04,Dry,0.23,1
Jan-2021,2021,January,Nigeria,Lagos,South West,173009,285,13.05,Dry,0.16,1
Jan-2021,2021,January,Nigeria,Ogun,South West,78536,155,12.62,Dry,0.20,1
Jan-2021,2021,January,Nigeria,Rivers,South South,110967,294,15.21,Dry,0.26,1
Jan-2021,2021,January,Nigeria,Enugu,South East,67192,176,14.68,Dry,0.26,1
Feb-2021,2021,February,Nigeria,Kano,North West,388393,1172,25.78,Dry,0.30,1
Feb-2021,2021,February,Nigeria,Kaduna,North West,261808,839,29.71,Dry,0.32,1
Feb-2021,2021,February,Nigeria,Borno,North East,123125,460,20.65,Dry,0.37,1
Feb-2021,2021,February,Nigeria,Kwara,North Central,18150,53,5.24,Dry,0.29,1
Feb-2021,2021,February,Nigeria,Lagos,South West,186990,328,14.1,Dry,0.18,1
Feb-2021,2021,February,Nigeria,Ogun,South West,96676,227,15.53,Dry,0.23,1
Feb-2021,2021,February,Nigeria,Rivers,South South,131434,248,18.02,Dry,0.19,1
Feb-2021,2021,February,Nigeria,Enugu,South East,82765,205,18.09,Dry,0.25,1
Mar-2021,2021,March,Nigeria,Kano,North West,381698,964,25.33,Dry,0.25,1
Mar-2021,2021,March,Nigeria,Kaduna,North West,209562,752,23.78,Dry,0.36,1
Mar-2021,2021,March,Nigeria,Borno,North East,104690,428,17.56,Dry,0.41,1
Mar-2021,2021,March,Nigeria,Kwara,North Central,18444,61,5.32,Dry,0.33,1
Mar-2021,2021,March,Nigeria,Lagos,South West,191600,310,14.45,Dry,0.16,1
Mar-2021,2021,March,Nigeria,Ogun,South West,88061,190,14.15,Dry,0.22,1
Mar-2021,2021,March,Nigeria,Rivers,South South,113912,245,15.62,Dry,0.22,1
Mar-2021,2021,March,Nigeria,Enugu,South East,88136,200,19.26,Dry,0.23,1
Apr-2021,2021,April,Nigeria,Kano,North West,370955,877,24.62,Rainy,0.24,2
Apr-2021,2021,April,Nigeria,Kaduna,North West,228956,882,25.98,Rainy,0.39,2
Apr-2021,2021,April,Nigeria,Borno,North East,111751,416,18.74,Rainy,0.37,2
Apr-2021,2021,April,Nigeria,Kwara,North Central,16474,37,4.76,Rainy,0.22,2
Apr-2021,2021,April,Nigeria,Lagos,South West,208088,370,15.7,Rainy,0.18,2
Apr-2021,2021,April,Nigeria,Ogun,South West,80034,211,12.86,Rainy,0.26,2
Apr-2021,2021,April,Nigeria,Rivers,South South,109809,243,15.05,Rainy,0.22,2
Apr-2021,2021,April,Nigeria,Enugu,South East,69799,153,15.25,Rainy,0.22,2
May-2021,2021,May,Nigeria,Kano,North West,328150,793,21.78,Rainy,0.24,2
May-2021,2021,May,Nigeria,Kaduna,North West,224366,807,25.46,Rainy,0.36,2
May-2021,2021,May,Nigeria,Borno,North East,92669,423,15.54,Rainy,0.46,2
May-2021,2021,May,Nigeria,Kwara,North Central,15156,41,4.37,Rainy,0.27,2
May-2021,2021,May,Nigeria,Lagos,South West,160524,215,12.11,Rainy,0.13,2
May-2021,2021,May,Nigeria,Ogun,South West,75764,187,12.17,Rainy,0.25,2
May-2021,2021,May,Nigeria,Rivers,South South,109543,242,15.02,Rainy,0.22,2
May-2021,2021,May,Nigeria,Enugu,South East,67913,177,14.84,Rainy,0.26,2
Jun-2021,2021,June,Nigeria,Kano,North West,443364,1212,29.43,Rainy,0.27,2
Jun-2021,2021,June,Nigeria,Kaduna,North West,290915,859,33.01,Rainy,0.30,2
Jun-2021,2021,June,Nigeria,Borno,North East,134306,493,22.53,Rainy,0.37,2
Jun-2021,2021,June,Nigeria,Kwara,North Central,23053,68,6.65,Rainy,0.29,2
Jun-2021,2021,June,Nigeria,Lagos,South West,215454,393,16.25,Rainy,0.18,2
Jun-2021,2021,June,Nigeria,Ogun,South West,106168,315,17.06,Rainy,0.30,2
Jun-2021,2021,June,Nigeria,Rivers,South South,149319,440,20.47,Rainy,0.29,2
Jun-2021,2021,June,Nigeria,Enugu,South East,96941,270,21.19,Rainy,0.28,2
Jul-2021,2021,July,Nigeria,Kano,North West,670246,1322,44.48,Rainy,0.20,3
Jul-2021,2021,July,Nigeria,Kaduna,North West,355339,1048,40.32,Rainy,0.29,3
Jul-2021,2021,July,Nigeria,Borno,North East,164569,647,27.6,Rainy,0.39,3
Jul-2021,2021,July,Nigeria,Kwara,North Central,29864,81,8.62,Rainy,0.27,3
Jul-2021,2021,July,Nigeria,Lagos,South West,311911,462,23.53,Rainy,0.15,3
Jul-2021,2021,July,Nigeria,Ogun,South West,137166,369,22.04,Rainy,0.27,3
Jul-2021,2021,July,Nigeria,Rivers,South South,178997,441,24.54,Rainy,0.25,3
Jul-2021,2021,July,Nigeria,Enugu,South East,118653,297,25.93,Rainy,0.25,3
Aug-2021,2021,August,Nigeria,Kano,North West,640426,1592,42.5,Rainy,0.25,3
Aug-2021,2021,August,Nigeria,Kaduna,North West,357928,982,40.62,Rainy,0.27,3
Aug-2021,2021,August,Nigeria,Borno,North East,165795,688,27.81,Rainy,0.41,3
Aug-2021,2021,August,Nigeria,Kwara,North Central,28597,68,8.25,Rainy,0.24,3
Aug-2021,2021,August,Nigeria,Lagos,South West,281646,572,21.24,Rainy,0.20,3
Aug-2021,2021,August,Nigeria,Ogun,South West,145176,383,23.33,Rainy,0.26,3
Aug-2021,2021,August,Nigeria,Rivers,South South,200152,424,27.44,Rainy,0.21,3
Aug-2021,2021,August,Nigeria,Enugu,South East,131721,335,28.79,Rainy,0.25,3
Sep-2021,2021,September,Nigeria,Kano,North West,753834,1843,50.03,Rainy,0.24,3
Sep-2021,2021,September,Nigeria,Kaduna,North West,383079,1137,43.47,Rainy,0.30,3
Sep-2021,2021,September,Nigeria,Borno,North East,183430,522,30.76,Rainy,0.28,3
Sep-2021,2021,September,Nigeria,Kwara,North Central,30023,89,8.67,Rainy,0.30,3
Sep-2021,2021,September,Nigeria,Lagos,South West,318525,672,24.03,Rainy,0.21,3
Sep-2021,2021,September,Nigeria,Ogun,South West,135773,328,21.81,Rainy,0.24,3
Sep-2021,2021,September,Nigeria,Rivers,South South,197790,566,27.12,Rainy,0.29,3
Sep-2021,2021,September,Nigeria,Enugu,South East,124657,256,27.24,Rainy,0.21,3
Oct-2021,2021,October,Nigeria,Kano,North West,740195,2262,49.13,Rainy,0.31,4
Oct-2021,2021,October,Nigeria,Kaduna,North West,440135,1020,49.95,Rainy,0.23,4
Oct-2021,2021,October,Nigeria,Borno,North East,195989,570,32.87,Rainy,0.29,4
Oct-2021,2021,October,Nigeria,Kwara,North Central,34056,91,9.83,Rainy,0.27,4
Oct-2021,2021,October,Nigeria,Lagos,South West,356655,614,26.9,Rainy,0.17,4
Oct-2021,2021,October,Nigeria,Ogun,South West,171869,383,27.61,Rainy,0.22,4
Oct-2021,2021,October,Nigeria,Rivers,South South,231009,471,31.67,Rainy,0.20,4
Oct-2021,2021,October,Nigeria,Enugu,South East,139699,347,30.53,Rainy,0.25,4
Nov-2021,2021,November,Nigeria,Kano,North West,481473,1120,31.95,Dry,0.23,4
Nov-2021,2021,November,Nigeria,Kaduna,North West,300662,786,34.12,Dry,0.26,4
Nov-2021,2021,November,Nigeria,Borno,North East,132107,541,22.16,Dry,0.41,4
Nov-2021,2021,November,Nigeria,Kwara,North Central,25774,76,7.44,Dry,0.29,4
Nov-2021,2021,November,Nigeria,Lagos,South West,243106,446,18.34,Dry,0.18,4
Nov-2021,2021,November,Nigeria,Ogun,South West,120796,274,19.41,Dry,0.23,4
Nov-2021,2021,November,Nigeria,Rivers,South South,131087,280,17.97,Dry,0.21,4
Nov-2021,2021,November,Nigeria,Enugu,South East,89349,195,19.53,Dry,0.22,4
Dec-2021,2021,December,Nigeria,Kano,North West,471067,1111,31.26,Dry,0.24,4
Dec-2021,2021,December,Nigeria,Kaduna,North West,265653,734,30.15,Dry,0.28,4
Dec-2021,2021,December,Nigeria,Borno,North East,127510,536,21.39,Dry,0.42,4
Dec-2021,2021,December,Nigeria,Kwara,North Central,18372,45,5.3,Dry,0.24,4
Dec-2021,2021,December,Nigeria,Lagos,South West,232549,450,17.54,Dry,0.19,4
Dec-2021,2021,December,Nigeria,Ogun,South West,104551,245,16.8,Dry,0.23,4
Dec-2021,2021,December,Nigeria,Rivers,South South,127845,301,17.53,Dry,0.24,4
Dec-2021,2021,December,Nigeria,Enugu,South East,100349,248,21.93,Dry,0.25,4
Jan-2022,2022,January,Nigeria,Kano,North West,301454,896,19.5,Dry,0.30,1
Jan-2022,2022,January,Nigeria,Kaduna,North West,214365,688,23.73,Dry,0.32,1
Jan-2022,2022,January,Nigeria,Borno,North East,95340,348,15.6,Dry,0.37,1
Jan-2022,2022,January,Nigeria,Kwara,North Central,17390,37,4.9,Dry,0.21,1
Jan-2022,2022,January,Nigeria,Lagos,South West,177041,299,13.12,Dry,0.17,1
Jan-2022,2022,January,Nigeria,Ogun,South West,86242,246,13.52,Dry,0.29,1
Jan-2022,2022,January,Nigeria,Rivers,South South,102182,307,13.67,Dry,0.30,1
Jan-2022,2022,January,Nigeria,Enugu,South East,73082,149,15.58,Dry,0.20,1
Feb-2022,2022,February,Nigeria,Kano,North West,436084,1050,28.2,Dry,0.24,1
Feb-2022,2022,February,Nigeria,Kaduna,North West,215698,715,23.88,Dry,0.33,1
Feb-2022,2022,February,Nigeria,Borno,North East,93674,287,15.33,Dry,0.31,1
Feb-2022,2022,February,Nigeria,Kwara,North Central,16788,41,4.73,Dry,0.24,1
Feb-2022,2022,February,Nigeria,Lagos,South West,192220,350,14.25,Dry,0.18,1
Feb-2022,2022,February,Nigeria,Ogun,South West,88316,248,13.84,Dry,0.28,1
Feb-2022,2022,February,Nigeria,Rivers,South South,116463,243,15.58,Dry,0.21,1
Feb-2022,2022,February,Nigeria,Enugu,South East,74690,161,15.93,Dry,0.22,1
Mar-2022,2022,March,Nigeria,Kano,North West,418839,980,27.09,Dry,0.23,1
Mar-2022,2022,March,Nigeria,Kaduna,North West,281067,1126,31.12,Dry,0.40,1
Mar-2022,2022,March,Nigeria,Borno,North East,122882,579,20.11,Dry,0.47,1
Mar-2022,2022,March,Nigeria,Kwara,North Central,21325,69,6.01,Dry,0.32,1
Mar-2022,2022,March,Nigeria,Lagos,South West,219585,425,16.28,Dry,0.19,1
Mar-2022,2022,March,Nigeria,Ogun,South West,110486,293,17.32,Dry,0.27,1
Mar-2022,2022,March,Nigeria,Rivers,South South,120154,304,16.07,Dry,0.25,1
Mar-2022,2022,March,Nigeria,Enugu,South East,82545,224,17.6,Dry,0.27,1
Apr-2022,2022,April,Nigeria,Kano,North West,382851,1100,24.76,Rainy,0.29,2
Apr-2022,2022,April,Nigeria,Kaduna,North West,244303,550,27.05,Rainy,0.23,2
Apr-2022,2022,April,Nigeria,Borno,North East,94229,326,15.42,Rainy,0.35,2
Apr-2022,2022,April,Nigeria,Kwara,North Central,17437,50,4.91,Rainy,0.29,2
Apr-2022,2022,April,Nigeria,Lagos,South West,165968,366,12.3,Rainy,0.22,2
Apr-2022,2022,April,Nigeria,Ogun,South West,83722,220,13.12,Rainy,0.26,2
Apr-2022,2022,April,Nigeria,Rivers,South South,101185,210,13.53,Rainy,0.21,2
Apr-2022,2022,April,Nigeria,Enugu,South East,65310,154,13.93,Rainy,0.24,2
May-2022,2022,May,Nigeria,Kano,North West,377295,1152,24.4,Rainy,0.31,2
May-2022,2022,May,Nigeria,Kaduna,North West,253799,719,28.1,Rainy,0.28,2
May-2022,2022,May,Nigeria,Borno,North East,115006,388,18.82,Rainy,0.34,2
May-2022,2022,May,Nigeria,Kwara,North Central,19906,45,5.61,Rainy,0.23,2
May-2022,2022,May,Nigeria,Lagos,South West,191093,313,14.16,Rainy,0.16,2
May-2022,2022,May,Nigeria,Ogun,South West,103942,237,16.29,Rainy,0.23,2
May-2022,2022,May,Nigeria,Rivers,South South,128164,238,17.14,Rainy,0.19,2
May-2022,2022,May,Nigeria,Enugu,South East,88847,217,18.94,Rainy,0.24,2
Jun-2022,2022,June,Nigeria,Kano,North West,513184,1293,33.19,Rainy,0.25,2
Jun-2022,2022,June,Nigeria,Kaduna,North West,300986,696,33.32,Rainy,0.23,2
Jun-2022,2022,June,Nigeria,Borno,North East,140018,559,22.91,Rainy,0.40,2
Jun-2022,2022,June,Nigeria,Kwara,North Central,21420,58,6.03,Rainy,0.27,2
Jun-2022,2022,June,Nigeria,Lagos,South West,262279,420,19.44,Rainy,0.16,2
Jun-2022,2022,June,Nigeria,Ogun,South West,113797,282,17.84,Rainy,0.25,2
Jun-2022,2022,June,Nigeria,Rivers,South South,155403,338,20.78,Rainy,0.22,2
Jun-2022,2022,June,Nigeria,Enugu,South East,99251,266,21.16,Rainy,0.27,2
Jul-2022,2022,July,Nigeria,Kano,North West,666843,1786,43.13,Rainy,0.27,3
Jul-2022,2022,July,Nigeria,Kaduna,North West,361523,962,40.03,Rainy,0.27,3
Jul-2022,2022,July,Nigeria,Borno,North East,173612,697,28.41,Rainy,0.40,3
Jul-2022,2022,July,Nigeria,Kwara,North Central,30358,91,8.55,Rainy,0.30,3
Jul-2022,2022,July,Nigeria,Lagos,South West,275803,437,20.44,Rainy,0.16,3
Jul-2022,2022,July,Nigeria,Ogun,South West,137226,332,21.51,Rainy,0.24,3
Jul-2022,2022,July,Nigeria,Rivers,South South,187209,556,25.04,Rainy,0.30,3
Jul-2022,2022,July,Nigeria,Enugu,South East,121127,286,25.83,Rainy,0.24,3
Aug-2022,2022,August,Nigeria,Kano,North West,659069,1959,42.62,Rainy,0.30,3
Aug-2022,2022,August,Nigeria,Kaduna,North West,378446,1168,41.9,Rainy,0.31,3
Aug-2022,2022,August,Nigeria,Borno,North East,168894,676,27.64,Rainy,0.40,3
Aug-2022,2022,August,Nigeria,Kwara,North Central,30890,67,8.7,Rainy,0.22,3
Aug-2022,2022,August,Nigeria,Lagos,South West,303575,536,22.5,Rainy,0.18,3
Aug-2022,2022,August,Nigeria,Ogun,South West,138706,406,21.74,Rainy,0.29,3
Aug-2022,2022,August,Nigeria,Rivers,South South,180400,496,24.13,Rainy,0.27,3
Aug-2022,2022,August,Nigeria,Enugu,South East,119926,296,25.57,Rainy,0.25,3
Sep-2022,2022,September,Nigeria,Kano,North West,786943,2334,50.89,Rainy,0.30,3
Sep-2022,2022,September,Nigeria,Kaduna,North West,398848,1306,44.16,Rainy,0.33,3
Sep-2022,2022,September,Nigeria,Borno,North East,172707,674,28.26,Rainy,0.39,3
Sep-2022,2022,September,Nigeria,Kwara,North Central,30730,65,8.65,Rainy,0.21,3
Sep-2022,2022,September,Nigeria,Lagos,South West,352706,541,26.14,Rainy,0.15,3
Sep-2022,2022,September,Nigeria,Ogun,South West,158576,490,24.86,Rainy,0.31,3
Sep-2022,2022,September,Nigeria,Rivers,South South,218440,442,29.22,Rainy,0.20,3
Sep-2022,2022,September,Nigeria,Enugu,South East,123693,308,26.37,Rainy,0.25,3
Oct-2022,2022,October,Nigeria,Kano,North West,673224,2106,43.54,Rainy,0.31,4
Oct-2022,2022,October,Nigeria,Kaduna,North West,385154,1210,42.64,Rainy,0.31,4
Oct-2022,2022,October,Nigeria,Borno,North East,171366,758,28.04,Rainy,0.44,4
Oct-2022,2022,October,Nigeria,Kwara,North Central,34649,79,9.76,Rainy,0.23,4
Oct-2022,2022,October,Nigeria,Lagos,South West,345627,424,25.62,Rainy,0.12,4
Oct-2022,2022,October,Nigeria,Ogun,South West,138894,400,21.77,Rainy,0.29,4
Oct-2022,2022,October,Nigeria,Rivers,South South,197137,565,26.37,Rainy,0.29,4
Oct-2022,2022,October,Nigeria,Enugu,South East,136250,346,29.05,Rainy,0.25,4
Nov-2022,2022,November,Nigeria,Kano,North West,618536,1874,40,Dry,0.30,4
Nov-2022,2022,November,Nigeria,Kaduna,North West,360396,994,39.9,Dry,0.28,4
Nov-2022,2022,November,Nigeria,Borno,North East,163067,471,26.68,Dry,0.29,4
Nov-2022,2022,November,Nigeria,Kwara,North Central,27305,87,7.69,Dry,0.32,4
Nov-2022,2022,November,Nigeria,Lagos,South West,286255,520,21.22,Dry,0.18,4
Nov-2022,2022,November,Nigeria,Ogun,South West,134758,356,21.12,Dry,0.26,4
Nov-2022,2022,November,Nigeria,Rivers,South South,199321,442,26.66,Dry,0.22,4
Nov-2022,2022,November,Nigeria,Enugu,South East,112162,208,23.91,Dry,0.19,4
Dec-2022,2022,December,Nigeria,Kano,North West,513644,993,33.22,Dry,0.19,4
Dec-2022,2022,December,Nigeria,Kaduna,North West,308270,775,34.13,Dry,0.25,4
Dec-2022,2022,December,Nigeria,Borno,North East,128129,528,20.97,Dry,0.41,4
Dec-2022,2022,December,Nigeria,Kwara,North Central,21207,42,5.97,Dry,0.20,4
Dec-2022,2022,December,Nigeria,Lagos,South West,221493,298,16.42,Dry,0.13,4
Dec-2022,2022,December,Nigeria,Ogun,South West,118390,305,18.56,Dry,0.26,4
Dec-2022,2022,December,Nigeria,Rivers,South South,159194,473,21.29,Dry,0.30,4
Dec-2022,2022,December,Nigeria,Enugu,South East,97805,194,20.85,Dry,0.20,4
Jan-2023,2023,January,Nigeria,Kano,North West,393239,1128,24.78,Dry,0.29,1
Jan-2023,2023,January,Nigeria,Kaduna,North West,207057,708,22.37,Dry,0.34,1
Jan-2023,2023,January,Nigeria,Borno,North East,103534,344,16.53,Dry,0.33,1
Jan-2023,2023,January,Nigeria,Kwara,North Central,16895,32,4.64,Dry,0.19,1
Jan-2023,2023,January,Nigeria,Lagos,South West,191769,275,13.97,Dry,0.14,1
Jan-2023,2023,January,Nigeria,Ogun,South West,79572,213,12.17,Dry,0.27,1
Jan-2023,2023,January,Nigeria,Rivers,South South,128016,272,16.7,Dry,0.21,1
Jan-2023,2023,January,Nigeria,Enugu,South East,78480,172,16.33,Dry,0.22,1
Feb-2023,2023,February,Nigeria,Kano,North West,366783,1065,23.12,Dry,0.29,1
Feb-2023,2023,February,Nigeria,Kaduna,North West,231539,648,25.01,Dry,0.28,1
Feb-2023,2023,February,Nigeria,Borno,North East,104450,479,16.67,Dry,0.46,1
Feb-2023,2023,February,Nigeria,Kwara,North Central,15088,41,4.15,Dry,0.27,1
Feb-2023,2023,February,Nigeria,Lagos,South West,163803,321,11.93,Dry,0.20,1
Feb-2023,2023,February,Nigeria,Ogun,South West,81176,178,12.41,Dry,0.22,1
Feb-2023,2023,February,Nigeria,Rivers,South South,101901,309,13.3,Dry,0.30,1
Feb-2023,2023,February,Nigeria,Enugu,South East,69822,177,14.52,Dry,0.25,1
Mar-2023,2023,March,Nigeria,Kano,North West,403493,1260,25.43,Dry,0.31,1
Mar-2023,2023,March,Nigeria,Kaduna,North West,227253,764,24.55,Dry,0.34,1
Mar-2023,2023,March,Nigeria,Borno,North East,99619,317,15.9,Dry,0.32,1
Mar-2023,2023,March,Nigeria,Kwara,North Central,20320,45,5.58,Dry,0.22,1
Mar-2023,2023,March,Nigeria,Lagos,South West,220353,276,16.05,Dry,0.13,1
Mar-2023,2023,March,Nigeria,Ogun,South West,97864,210,14.97,Dry,0.21,1
Mar-2023,2023,March,Nigeria,Rivers,South South,122559,220,15.99,Dry,0.18,1
Mar-2023,2023,March,Nigeria,Enugu,South East,76786,176,15.97,Dry,0.23,1
Apr-2023,2023,April,Nigeria,Kano,North West,403471,840,25.43,Rainy,0.21,2
Apr-2023,2023,April,Nigeria,Kaduna,North West,212926,700,23,Rainy,0.33,2
Apr-2023,2023,April,Nigeria,Borno,North East,97874,362,15.62,Rainy,0.37,2
Apr-2023,2023,April,Nigeria,Kwara,North Central,19368,48,5.32,Rainy,0.25,2
Apr-2023,2023,April,Nigeria,Lagos,South West,205755,389,14.99,Rainy,0.19,2
Apr-2023,2023,April,Nigeria,Ogun,South West,85120,256,13.02,Rainy,0.30,2
Apr-2023,2023,April,Nigeria,Rivers,South South,123905,302,16.17,Rainy,0.24,2
Apr-2023,2023,April,Nigeria,Enugu,South East,68653,111,14.28,Rainy,0.16,2
May-2023,2023,May,Nigeria,Kano,North West,361161,1125,22.76,Rainy,0.31,2
May-2023,2023,May,Nigeria,Kaduna,North West,235028,355,25.39,Rainy,0.15,2
May-2023,2023,May,Nigeria,Borno,North East,107335,302,17.13,Rainy,0.28,2
May-2023,2023,May,Nigeria,Kwara,North Central,18232,40,5.01,Rainy,0.22,2
May-2023,2023,May,Nigeria,Lagos,South West,191918,332,13.98,Rainy,0.17,2
May-2023,2023,May,Nigeria,Ogun,South West,86927,192,13.29,Rainy,0.22,2
May-2023,2023,May,Nigeria,Rivers,South South,123777,297,16.15,Rainy,0.24,2
May-2023,2023,May,Nigeria,Enugu,South East,75003,206,15.6,Rainy,0.27,2
Jun-2023,2023,June,Nigeria,Kano,North West,500950,1599,31.57,Rainy,0.32,2
Jun-2023,2023,June,Nigeria,Kaduna,North West,301883,911,32.61,Rainy,0.30,2
Jun-2023,2023,June,Nigeria,Borno,North East,136641,439,21.81,Rainy,0.32,2
Jun-2023,2023,June,Nigeria,Kwara,North Central,27401,55,7.53,Rainy,0.20,2
Jun-2023,2023,June,Nigeria,Lagos,South West,247181,467,18,Rainy,0.19,2
Jun-2023,2023,June,Nigeria,Ogun,South West,111912,224,17.11,Rainy,0.20,2
Jun-2023,2023,June,Nigeria,Rivers,South South,144644,363,18.87,Rainy,0.25,2
Jun-2023,2023,June,Nigeria,Enugu,South East,95222,253,19.81,Rainy,0.27,2
Jul-2023,2023,July,Nigeria,Kano,North West,696470,1785,43.89,Rainy,0.26,3
Jul-2023,2023,July,Nigeria,Kaduna,North West,390412,1335,42.17,Rainy,0.34,3
Jul-2023,2023,July,Nigeria,Borno,North East,179025,667,28.58,Rainy,0.37,3
Jul-2023,2023,July,Nigeria,Kwara,North Central,29355,48,8.07,Rainy,0.16,3
Jul-2023,2023,July,Nigeria,Lagos,South West,358749,660,26.13,Rainy,0.18,3
Jul-2023,2023,July,Nigeria,Ogun,South West,165887,396,25.37,Rainy,0.24,3
Jul-2023,2023,July,Nigeria,Rivers,South South,202024,500,26.36,Rainy,0.25,3
Jul-2023,2023,July,Nigeria,Enugu,South East,129376,251,26.91,Rainy,0.19,3
Aug-2023,2023,August,Nigeria,Kano,North West,607470,1771,38.28,Rainy,0.29,3
Aug-2023,2023,August,Nigeria,Kaduna,North West,391989,1037,42.34,Rainy,0.26,3
Aug-2023,2023,August,Nigeria,Borno,North East,168798,559,26.95,Rainy,0.33,3
Aug-2023,2023,August,Nigeria,Kwara,North Central,30822,75,8.47,Rainy,0.24,3
Aug-2023,2023,August,Nigeria,Lagos,South West,329221,726,23.98,Rainy,0.22,3
Aug-2023,2023,August,Nigeria,Ogun,South West,157382,362,24.07,Rainy,0.23,3
Aug-2023,2023,August,Nigeria,Rivers,South South,196638,388,25.66,Rainy,0.20,3
Aug-2023,2023,August,Nigeria,Enugu,South East,128071,266,26.64,Rainy,0.21,3
Sep-2023,2023,September,Nigeria,Kano,North West,717728,2214,45.23,Rainy,0.31,3
Sep-2023,2023,September,Nigeria,Kaduna,North West,384927,1006,41.58,Rainy,0.26,3
Sep-2023,2023,September,Nigeria,Borno,North East,183422,467,29.28,Rainy,0.25,3
Sep-2023,2023,September,Nigeria,Kwara,North Central,31953,91,8.78,Rainy,0.28,3
Sep-2023,2023,September,Nigeria,Lagos,South West,326161,617,23.75,Rainy,0.19,3
Sep-2023,2023,September,Nigeria,Ogun,South West,146583,397,22.42,Rainy,0.27,3
Sep-2023,2023,September,Nigeria,Rivers,South South,216174,405,28.21,Rainy,0.19,3
Sep-2023,2023,September,Nigeria,Enugu,South East,136132,287,28.32,Rainy,0.21,3
Oct-2023,2023,October,Nigeria,Kano,North West,660869,1950,41.65,Rainy,0.30,4
Oct-2023,2023,October,Nigeria,Kaduna,North West,441479,1560,47.69,Rainy,0.35,4
Oct-2023,2023,October,Nigeria,Borno,North East,207387,579,33.11,Rainy,0.28,4
Oct-2023,2023,October,Nigeria,Kwara,North Central,33246,88,9.13,Rainy,0.26,4
Oct-2023,2023,October,Nigeria,Lagos,South West,336412,611,24.5,Rainy,0.18,4
Oct-2023,2023,October,Nigeria,Ogun,South West,180974,531,27.68,Rainy,0.29,4
Oct-2023,2023,October,Nigeria,Rivers,South South,194903,409,25.43,Rainy,0.21,4
Oct-2023,2023,October,Nigeria,Enugu,South East,139623,280,29.04,Rainy,0.20,4
Nov-2023,2023,November,Nigeria,Kano,North West,710886,2244,44.8,Dry,0.32,4
Nov-2023,2023,November,Nigeria,Kaduna,North West,401240,1200,43.34,Dry,0.30,4
Nov-2023,2023,November,Nigeria,Borno,North East,195084,647,31.14,Dry,0.33,4
Nov-2023,2023,November,Nigeria,Kwara,North Central,30005,85,8.24,Dry,0.28,4
Nov-2023,2023,November,Nigeria,Lagos,South West,326112,473,23.75,Dry,0.15,4
Nov-2023,2023,November,Nigeria,Ogun,South West,149339,311,22.84,Dry,0.21,4
Nov-2023,2023,November,Nigeria,Rivers,South South,191280,551,24.96,Dry,0.29,4
Nov-2023,2023,November,Nigeria,Enugu,South East,135129,334,28.11,Dry,0.25,4
Dec-2023,2023,December,Nigeria,Kano,North West,530742,1335,33.45,Dry,0.25,4
Dec-2023,2023,December,Nigeria,Kaduna,North West,276578,728,29.87,Dry,0.26,4
Dec-2023,2023,December,Nigeria,Borno,North East,123650,526,19.74,Dry,0.43,4
Dec-2023,2023,December,Nigeria,Kwara,North Central,23384,63,6.42,Dry,0.27,4
Dec-2023,2023,December,Nigeria,Lagos,South West,227125,379,16.54,Dry,0.17,4
Dec-2023,2023,December,Nigeria,Ogun,South West,101200,315,15.48,Dry,0.31,4
Dec-2023,2023,December,Nigeria,Rivers,South South,131877,313,17.21,Dry,0.24,4
Dec-2023,2023,December,Nigeria,Enugu,South East,86647,196,18.02,Dry,0.23,4
Jan-2024,2024,January,Nigeria,Kano,North West,328464,764,20.17,Dry,0.23,1
Jan-2024,2024,January,Nigeria,Kaduna,North West,192164,690,20.25,Dry,0.36,1
Jan-2024,2024,January,Nigeria,Borno,North East,95503,339,14.87,Dry,0.35,1
Jan-2024,2024,January,Nigeria,Kwara,North Central,15711,28,4.21,Dry,0.18,1
Jan-2024,2024,January,Nigeria,Lagos,South West,160390,299,11.48,Dry,0.19,1
Jan-2024,2024,January,Nigeria,Ogun,South West,81916,215,12.22,Dry,0.26,1
Jan-2024,2024,January,Nigeria,Rivers,South South,103855,283,13.22,Dry,0.27,1
Jan-2024,2024,January,Nigeria,Enugu,South East,65744,200,13.34,Dry,0.30,1
Feb-2024,2024,February,Nigeria,Kano,North West,359567,1095,22.08,Dry,0.30,1
Feb-2024,2024,February,Nigeria,Kaduna,North West,207184,544,21.83,Dry,0.26,1
Feb-2024,2024,February,Nigeria,Borno,North East,88972,277,13.86,Dry,0.31,1
Feb-2024,2024,February,Nigeria,Kwara,North Central,16155,44,4.33,Dry,0.27,1
Feb-2024,2024,February,Nigeria,Lagos,South West,168344,257,12.05,Dry,0.15,1
Feb-2024,2024,February,Nigeria,Ogun,South West,77772,169,11.6,Dry,0.22,1
Feb-2024,2024,February,Nigeria,Rivers,South South,97458,264,12.41,Dry,0.27,1
Feb-2024,2024,February,Nigeria,Enugu,South East,75414,181,15.3,Dry,0.24,1
Mar-2024,2024,March,Nigeria,Kano,North West,444415,923,27.29,Dry,0.21,1
Mar-2024,2024,March,Nigeria,Kaduna,North West,290810,797,30.65,Dry,0.27,1
Mar-2024,2024,March,Nigeria,Borno,North East,128649,470,20.04,Dry,0.37,1
Mar-2024,2024,March,Nigeria,Kwara,North Central,22444,39,6.02,Dry,0.17,1
Mar-2024,2024,March,Nigeria,Lagos,South West,204079,349,14.6,Dry,0.17,1
Mar-2024,2024,March,Nigeria,Ogun,South West,95575,208,14.26,Dry,0.22,1
Mar-2024,2024,March,Nigeria,Rivers,South South,132041,278,16.81,Dry,0.21,1
Mar-2024,2024,March,Nigeria,Enugu,South East,88013,131,17.86,Dry,0.15,1
Apr-2024,2024,April,Nigeria,Kano,North West,347442,763,21.34,Rainy,0.22,2
Apr-2024,2024,April,Nigeria,Kaduna,North West,193898,474,20.43,Rainy,0.24,2
Apr-2024,2024,April,Nigeria,Borno,North East,91340,321,14.23,Rainy,0.35,2
Apr-2024,2024,April,Nigeria,Kwara,North Central,17656,33,4.73,Rainy,0.19,2
Apr-2024,2024,April,Nigeria,Lagos,South West,167807,233,12.01,Rainy,0.14,2
Apr-2024,2024,April,Nigeria,Ogun,South West,88545,215,13.21,Rainy,0.24,2
Apr-2024,2024,April,Nigeria,Rivers,South South,98355,225,12.52,Rainy,0.23,2
Apr-2024,2024,April,Nigeria,Enugu,South East,68924,151,13.99,Rainy,0.22,2
May-2024,2024,May,Nigeria,Kano,North West,449183,1175,27.59,Rainy,0.26,2
May-2024,2024,May,Nigeria,Kaduna,North West,245120,713,25.83,Rainy,0.29,2
May-2024,2024,May,Nigeria,Borno,North East,103041,312,16.05,Rainy,0.30,2
May-2024,2024,May,Nigeria,Kwara,North Central,19549,47,5.24,Rainy,0.24,2
May-2024,2024,May,Nigeria,Lagos,South West,198526,322,14.21,Rainy,0.16,2
May-2024,2024,May,Nigeria,Ogun,South West,88236,215,13.16,Rainy,0.24,2
May-2024,2024,May,Nigeria,Rivers,South South,136928,293,17.43,Rainy,0.21,2
May-2024,2024,May,Nigeria,Enugu,South East,81879,178,16.62,Rainy,0.22,2
Jun-2024,2024,June,Nigeria,Kano,North West,541043,1274,33.23,Rainy,0.24,2
Jun-2024,2024,June,Nigeria,Kaduna,North West,380865,1145,40.14,Rainy,0.30,2
Jun-2024,2024,June,Nigeria,Borno,North East,135953,550,21.17,Rainy,0.40,2
Jun-2024,2024,June,Nigeria,Kwara,North Central,25653,58,6.88,Rainy,0.23,2
Jun-2024,2024,June,Nigeria,Lagos,South West,226891,326,16.24,Rainy,0.14,2
Jun-2024,2024,June,Nigeria,Ogun,South West,113198,335,16.89,Rainy,0.30,2
Jun-2024,2024,June,Nigeria,Rivers,South South,168982,385,21.51,Rainy,0.23,2
Jun-2024,2024,June,Nigeria,Enugu,South East,115928,251,23.53,Rainy,0.22,2
Jul-2024,2024,July,Nigeria,Kano,North West,660220,2259,40.55,Rainy,0.34,3
Jul-2024,2024,July,Nigeria,Kaduna,North West,380344,1304,40.08,Rainy,0.34,3
Jul-2024,2024,July,Nigeria,Borno,North East,156850,594,24.43,Rainy,0.38,3
Jul-2024,2024,July,Nigeria,Kwara,North Central,31206,81,8.36,Rainy,0.26,3
Jul-2024,2024,July,Nigeria,Lagos,South West,314741,434,22.52,Rainy,0.14,3
Jul-2024,2024,July,Nigeria,Ogun,South West,157220,421,23.46,Rainy,0.27,3
Jul-2024,2024,July,Nigeria,Rivers,South South,185400,457,23.6,Rainy,0.25,3
Jul-2024,2024,July,Nigeria,Enugu,South East,130080,283,26.4,Rainy,0.22,3
Aug-2024,2024,August,Nigeria,Kano,North West,796814,2461,48.94,Rainy,0.31,3
Aug-2024,2024,August,Nigeria,Kaduna,North West,450710,1176,47.5,Rainy,0.26,3
Aug-2024,2024,August,Nigeria,Borno,North East,185475,390,28.89,Rainy,0.21,3
Aug-2024,2024,August,Nigeria,Kwara,North Central,29439,60,7.89,Rainy,0.20,3
Aug-2024,2024,August,Nigeria,Lagos,South West,342068,549,24.48,Rainy,0.16,3
Aug-2024,2024,August,Nigeria,Ogun,South West,159618,354,23.81,Rainy,0.22,3
Aug-2024,2024,August,Nigeria,Rivers,South South,215756,598,27.47,Rainy,0.28,3
Aug-2024,2024,August,Nigeria,Enugu,South East,141034,265,28.62,Rainy,0.19,3
Sep-2024,2024,September,Nigeria,Kano,North West,776963,2333,47.72,Rainy,0.30,3
Sep-2024,2024,September,Nigeria,Kaduna,North West,529472,1693,55.8,Rainy,0.32,3
Sep-2024,2024,September,Nigeria,Borno,North East,223644,791,34.83,Rainy,0.35,3
Sep-2024,2024,September,Nigeria,Kwara,North Central,38395,112,10.29,Rainy,0.29,3
Sep-2024,2024,September,Nigeria,Lagos,South West,371287,742,26.57,Rainy,0.20,3
Sep-2024,2024,September,Nigeria,Ogun,South West,177177,439,26.43,Rainy,0.25,3
Sep-2024,2024,September,Nigeria,Rivers,South South,195159,592,24.84,Rainy,0.30,3
Sep-2024,2024,September,Nigeria,Enugu,South East,149810,271,30.4,Rainy,0.18,3
Oct-2024,2024,October,Nigeria,Kano,North West,831367,2717,51.06,Rainy,0.33,4
Oct-2024,2024,October,Nigeria,Kaduna,North West,434292,1142,45.77,Rainy,0.26,4
Oct-2024,2024,October,Nigeria,Borno,North East,210294,677,32.75,Rainy,0.32,4
Oct-2024,2024,October,Nigeria,Kwara,North Central,35661,88,9.56,Rainy,0.25,4
Oct-2024,2024,October,Nigeria,Lagos,South West,389905,596,27.9,Rainy,0.15,4
Oct-2024,2024,October,Nigeria,Ogun,South West,182816,499,27.28,Rainy,0.27,4
Oct-2024,2024,October,Nigeria,Rivers,South South,254347,553,32.38,Rainy,0.22,4
Oct-2024,2024,October,Nigeria,Enugu,South East,146218,210,29.67,Rainy,0.14,4
Nov-2024,2024,November,Nigeria,Kano,North West,577894,1323,35.49,Dry,0.23,4
Nov-2024,2024,November,Nigeria,Kaduna,North West,312224,898,32.9,Dry,0.29,4
Nov-2024,2024,November,Nigeria,Borno,North East,154190,428,24.01,Dry,0.28,4
Nov-2024,2024,November,Nigeria,Kwara,North Central,29766,62,7.98,Dry,0.21,4
Nov-2024,2024,November,Nigeria,Lagos,South West,308203,509,22.06,Dry,0.17,4
Nov-2024,2024,November,Nigeria,Ogun,South West,130895,356,19.53,Dry,0.27,4
Nov-2024,2024,November,Nigeria,Rivers,South South,181110,349,23.06,Dry,0.19,4
Nov-2024,2024,November,Nigeria,Enugu,South East,108750,274,22.07,Dry,0.25,4
Dec-2024,2024,December,Nigeria,Kano,North West,546474,1443,33.56,Dry,0.26,4
Dec-2024,2024,December,Nigeria,Kaduna,North West,302505,865,31.88,Dry,0.29,4
Dec-2024,2024,December,Nigeria,Borno,North East,133571,348,20.8,Dry,0.26,4
Dec-2024,2024,December,Nigeria,Kwara,North Central,21071,63,5.65,Dry,0.30,4
Dec-2024,2024,December,Nigeria,Lagos,South West,247466,466,17.71,Dry,0.19,4
Dec-2024,2024,December,Nigeria,Ogun,South West,111360,333,16.61,Dry,0.30,4
Dec-2024,2024,December,Nigeria,Rivers,South South,130219,335,16.58,Dry,0.26,4
Dec-2024,2024,December,Nigeria,Enugu,South East,96781,248,19.64,Dry,0.26,4
